"TaxonomyID","Genome","read_count","Proportion","readsEM","EMProportion"
371601,"Bacteroides xylanisolvens",2441347,0.166452568135798,2097746.5,0.143025770987458
33039,"[Ruminococcus] torques",1654467,0.112802596700071,1653564.1,0.112741116152982
483215,"Bacteroides finegoldii",1115838,0.0760785339910764,1141822.2,0.0778502032426293
818,"Bacteroides thetaiotaomicron",984905,0.0671514400123325,993801.6,0.0677580645595891
2650158,"Bacteroides luhongzhouii",966978,0.0659291659198047,1172743.7,0.0799584518754262
36656,"Penicillium crustosum",634901,0.0432879479901817,634108.9,0.0432339705890775
28116,"Bacteroides ovatus",593753,0.0404824515680624,669357,0.045637211622471
330879,"Aspergillus fumigatus",531649,0.0362481619355334,531645.1,0.0362479188076074
2877527,"Blautia parvula",519233,0.0354016312760352,519121.7,0.0353940660010302
411485,"Faecalibacterium prausnitzii",466513,0.031807148643243,464290.6,0.0316556444999647
1034346,"Dielma fastidiosa",430390,0.02934425986964,430601.5,0.0293587026687668
292800,"Flavonifractor plautii",396732,0.027049436340533,396749,0.0270506150620798
1108849,"Penicillium rubens",303405,0.0206863430045961,304161.6,0.0207379448958473
411459,"Blautia obeum",295854,0.0201715110933629,296493.2,0.020215105006131
89153,"[Clostridium] hylemonae",248504,0.0169431584252539,248491.6,0.016942327139909
328812,"Parabacteroides goldsteinii",183912,0.0125392353938178,182186.7,0.0124216110798222
997873,"Bacteroides caccae",181585,0.0123805790757884,183322.7,0.0124990639286325
2838470,"Candidatus Bacteroides intestinigallinarum",155136,0.0105772696836276,151692.7,0.0103425091820616
99287,"Salmonella enterica",146807,0.0100093932449226,146805.4,0.0100092913248171
649756,"Anaerostipes hadrus",141865,0.00967244458841163,141832.9,0.00967026322699122
742726,"Barnesiella intestinihominis",120612,0.00822340173191064,117412.6,0.00800527244054778
626940,"Phascolarctobacterium succinatutens",117754,0.0080285415011724,117751.2,0.00802835946316119
3037989,"Bacteroides vicugnae",95529,0.00651322707564497,111390.7,0.00759469051840485
1297617,"Intestinimonas butyriciproducens",95404,0.00650470449732367,95399.4,0.00650439267533495
2763021,"Bacteroides difficilis",84501,0.00576133112582646,86807.7,0.00591860549467931
585394,"Roseburia hominis",78699,0.00536574713046492,78684.3,0.00536474612846151
39491,"Agathobacter rectalis",72713,0.00495761789981443,72578.5,0.00494844813430228
858893,"Exophiala dermatitidis",66384,0.00452610271425029,66384,0.00452610579866829
4950,"Torulaspora delbrueckii",54798,0.00373616197480549,54798,0.00373616449648613
246787,"Bacteroides cellulosilyticus",50984,0.00347612106506593,50410.4,0.00343701211196367
3133156,"Faecalibacterium tardum",50722,0.00345825774090448,46682.6,0.00318284921013987
435590,"Phocaeicola vulgatus",48109,0.00328010176367599,47291.1,0.0032243410674912
1507512,"Romboutsia hominis",47792,0.00325848850505317,47792,0.00325849066852211
674529,"Bacteroides faecis",47214,0.00321908010289547,45564.9,0.00310664469360258
742742,"Collinsella tanakaei",45076,0.00307330992328793,45076.2,0.00307332415134917
1703332,"Butyribacter intestini",44633,0.00304310590571724,44640.9,0.00304364427745313
1796613,"Bacteroides caecimuris",39741,0.00270956628053478,39690.2,0.00270610612312196
2763067,"Streptococcus hominis",36328,0.00247686580204996,34291.1,0.00233798882200487
411470,"Mediterraneibacter gnavus",35950,0.00245109352520634,35883.3,0.00244654544427319
1871006,"Bacteroides congonensis",35747,0.00243725285801255,34634.9,0.00236143226150705
2763025,"Bacteroides parvus",34088,0.00232414119853223,34815.2,0.00237372118479621
2834113,"Alistipes montrealensis",33799,0.00230443699745339,33798.6,0.00230441415474504
1712515,"Butyricicoccus faecihominis",30941,0.00210957676671515,29958.8,0.00204261193713927
2650157,"Bacteroides zhangwenhongii",29485,0.00201030577442862,36512.4,0.00248943685089204
5480,"Candida parapsilosis",29367,0.00200226046049332,29367,0.00200226182560191
1903262,"Bacteroides ndongoniae",25942,0.00176874181448965,23506.5,0.00160268560205627
555970,"Bifidobacterium animalis",25353,0.00172858342543968,25353,0.00172858419368281
3133155,"Faecalibacterium intestinale",24520,0.00167178896350652,28731.7,0.00195894705270875
1134687,"Klebsiella michiganensis",24022,0.00163783501147446,24016.5,0.0016374601933371
155615,"Fusobacterium vincentii",22332,0.00152260975257046,22287.5,0.00151957891112463
28118,"Odoribacter splanchnicus",22057,0.0015038600802636,22120.5,0.00150818970360155
823,"Parabacteroides distasonis",21794,0.00148592857547558,23546.6,0.00160542298565714
2763042,"Dysosmobacter segnis",20772,0.00141624797512062,20178.1,0.00137575725987893
2715212,"Bacteroides faecium",20105,0.00137077149719815,21787.7,0.00148550080018158
84112,"Eggerthella lenta",19364,0.00132024965290948,19364.1,0.00132025968340258
46503,"Parabacteroides merdae",19072,0.00130034090995091,19305.1,0.00131623650318775
2981792,"Oscillibacter acetigenes",17911,0.00122118320250267,17541.7,0.00119600557841025
2547410,"Enterocloster alcoholdehydrogenati",17399,0.00118627472169861,16009.4,0.0010915337533757
5068,"Aspergillus tubingensis",17364,0.00118388839976865,17345.2,0.001182609207287
3030638,"Faecalibacterium taiwanense",15704,0.00107070855966176,14587.6,0.000994591390093498
1841865,"Mediterranea massiliensis",15662,0.00106784497334581,17821.9,0.00121511015790088
2949651,"Parabacteroides sp. TA-V-105",15160,0.00103361829880746,15846.9,0.0010804508152834
2946555,"Akkermansia biwaensis",14660,0.000999527985522253,14660,0.000999527020953523
1211819,"Holdemania massiliensis",13441,0.00091641580173292,13303.2,0.000907018686572817
3133152,"Blautia intestinihominis",12625,0.000860780410451463,11949,0.000814688506879629
762968,"Paraprevotella clara",11581,0.000789599836311952,11553.1,0.000787700057380571
1547,"Thomasclavelia ramosa",10784,0.000735259876935333,10801.8,0.000736477108286146
1328,"Streptococcus anginosus",10567,0.000720464680969553,10776.2,0.000734727005807354
1851428,"Faecalibacterium longum",9974,0.000680033569413298,11229.3,0.000765620432122928
449673,"Bacteroides stercoris",8577,0.000584785234094431,8524.5,0.000581206855554602
85831,"Bacteroides acidifaciens",8565,0.000583967066575586,8701.5,0.000593271901825918
508771,"Toxoplasma gondii",8527,0.000581376202765911,8520.1,0.000580905204706427
272559,"Bacteroides fragilis",8247,0.000562285627326195,8763.4,0.000597491522137436
1841855,"Bacteroides bouchesdurhonensis",7973,0.000543604135645902,7777.6,0.000530282139738389
2935520,"Faecalibacterium hattorii",7873,0.000536786072988861,8965.7,0.0006112885055772
2949650,"Parabacteroides sp. W1-Q-101",7688,0.000524172657073334,8428.2,0.00057463827365057
29466,"Veillonella parvula",7506,0.000511763783037519,7505.9,0.000511760338184328
5076,"Penicillium chrysogenum",7196,0.000490627788800691,7221.8,0.000492389303780618
2447885,"Bacteroides faecalis",7115,0.000485105158048488,7706.1,0.000525404101642996
671267,"Phocaeicola sartorii",6930,0.000472491742132961,6724.1,0.000458451457560788
1121096,"Bacteroides gallinarum",6724,0.000458446533059456,8292.6,0.000565392322442083
203120,"Leuconostoc mesenteroides",6069,0.000413788222655836,6068.8,0.000413775852385335
997894,"Enterocloster bolteae",5920,0.000403629309296844,5880.9,0.000400960647446574
3136601,"Owariibacterium komagatae",5826,0.000397220330399225,5724.5,0.00039030025003468
2763032,"Butyricimonas hominis",5630,0.000383856927591425,6022.9,0.00041064751564719
1121098,"Phocaeicola massiliensis",5334,0.000363675462126582,5731.9,0.00039080606154731
1169293,"Enterococcus faecalis",5267,0.000359107360146365,5267,0.000359107592791764
291645,"Bacteroides nordii",5114,0.000348675724281092,5342.8,0.000364273173248495
2929491,"Faecalibacterium wellingii",4961,0.000338244088415818,4561.2,0.000310984108332606
2763028,"Blautia intestinalis",4780,0.000325903395006574,4575.8,0.000311983989351499
1432052,"Eisenbergiella tayi",4720,0.000321812557412349,5532.5,0.000377210301487355
88431,"Dorea longicatena",4717,0.000321608015532638,4557.4,0.000310728616288879
1628085,"Agathobaculum butyriciproducens",4645,0.000316699010419568,4859.5,0.000331321631816149
2490633,"Streptococcus periodonticum",4328,0.000295085751796747,5573.3,0.000379991837256675
2585118,"Alistipes communis",4295,0.000292835791119923,4712.6,0.000321309492798206
3078042,"Pilosibacter fragilis",4250,0.000289767662924255,4378.8,0.000298550751506929
3133175,"Blautia caccae",4073,0.000277699692021292,4071.7,0.000277609134164019
411467,"Pseudoflavonifractor capillosus",4069,0.00027742696951501,3948.3,0.000269195834472446
291644,"Bacteroides salyersiae",4045,0.00027579063447732,4255.6,0.00029015077847598
2763017,"Anaerosacchariphilus hominis",4039,0.000275381550717898,4529.1,0.000308800475651585
3133153,"Blautia aquisgranensis",4003,0.000272927048161363,3625.3,0.000247173525163344
1121129,"Butyricimonas synergistica",3864,0.000263449941068075,3851.2,0.000262580756914438
871325,"Bacteroides faecichinchillae",3738,0.000254859182120203,3772.3,0.000257199095368777
2981769,"Waltera acetigignens",3737,0.000254791001493633,3470.5,0.000236622695045646
310298,"Phocaeicola coprocola",3623,0.000247018410064606,4143.6,0.000282512265776695
342942,"Mediterraneibacter glycyrrhizinilyticus",3621,0.000246882048811465,3543.1,0.000241568956099622
1907658,"Bacteroides ilei",3604,0.000245722978159768,3452.2,0.000235370672698649
NA,"unknown genome; accession ID isNZ_CP012480.1",3600,0.000245450255653486,3567.6,0.000243243293990653
574930,"Parabacteroides gordonii",3539,0.000241291237432691,3290.9,0.000224378461642758
580166,"Oceanibaculum pacificum",3484,0.000237541302971319,3063.3,0.000208859015771762
2763026,"Blautia celeris",3406,0.000232223214098826,3488.6,0.000237857125904376
2981779,"Anaerostipes amylophilus",3400,0.000231814130339404,3418.6,0.000233080597181973
1121115,"Blautia wexlerae",3382,0.000230586879061136,2933.3,0.00019999285017447
210,"Helicobacter pylori",3214,0.000219132533797307,3212.7,0.000219045972029563
411483,"Faecalibacterium duncaniae",3192,0.000217632560012758,3894.3,0.000265518934673506
76860,"Streptococcus constellatus",3079,0.000209928149210301,3218.4,0.000219431827257346
116085,"Coprococcus catus",2950,0.000201132848382718,3077.9,0.000209850741446842
1150298,"Fusicatenibacter saccharivorans",2920,0.000199087429585606,3114,0.000212315766183647
3133157,"Faecalibacterium faecis",2836,0.000193360256953691,2843.5,0.000193873396748865
622,"Shigella dysenteriae",2783,0.000189746683745459,2642.9,0.000180194453581667
2981720,"Bovifimicola ammoniilytica",2653,0.000180883202291305,2831.1,0.000193025542578184
484018,"Phocaeicola plebeius",2530,0.000172496985223145,2908.9,0.000198329253358581
626937,"Christensenella minuta",2452,0.000167178896350652,2438.3,0.000166245619766875
39483,"Faecalitalea cylindroides",2408,0.000164178948781554,2404.7,0.000163951355373625
2003188,"Parolsenella catena",2381,0.000162338071864153,2380.8,0.000162324658236647
3133178,"Flavonifractor hominis",2372,0.000161724446225019,2456.6,0.000167495995417186
357276,"Phocaeicola dorei",2363,0.000161110820585886,2491,0.000169836787603177
28113,"Bacteroides heparinolyticus",2177,0.000148429224043789,2187.6,0.000149149743130065
150056,"Mammaliicoccus fleurettii",2160,0.000147270153392092,2580.7,0.000175952702958688
1841857,"Culturomica massiliensis",2126,0.000144952012088698,2457.4,0.000167548706259346
762982,"Paraprevotella xylaniphila",2034,0.00013867939444422,2483.4,0.000169320038688041
3435293,"Faecalibacterium langellae",1958,0.000133497666824868,2332.4,0.000159023225911415
3133422,"Flavonifractor porci",1879,0.000128111397325806,1896.6,0.000129310579975522
1936995,"Parabacteroides bouchesdurhonensis",1872,0.000127634132939813,1984.1,0.000135279659778958
1496,"Clostridioides difficile",1857,0.000126611423541257,1857,0.000126611543119966
2981793,"Phocaeicola fibrisolvens",1817,0.00012388419847844,2251.7,0.000153520275981195
1750560,"Parabacteroides massiliensis",1804,0.000122997850333025,1956.4,0.000133391667178506
2605778,"Clostridium porci",1791,0.00012211150218761,1716.3,0.000117018873757679
763034,"Bacteroides fluxus",1727,0.000117747942087103,1748.1,0.000119184822028632
2763047,"Flintibacter faecis",1724,0.000117543400207392,1920.3,0.000130924843065068
2763065,"Ruminococcus hominis",1718,0.000117134316447969,1937.1,0.000132072268552676
1851427,"Faecalibacterium butyricigenerans",1679,0.000114475272011723,1701.5,0.000116008695555996
89014,"Blautia luti",1599,0.00010902082188609,1886.5,0.00012862406950541
2748301,"Streptococcus vaginalis",1564,0.000106634499956126,1988.8,0.000135600677950528
169435,"Anaerotruncus colihominis",1537,0.000104793623038725,1552.4,0.000105846741181775
536231,"Roseburia intestinalis",1487,0.000101384591710204,1540.5,0.00010503221616961
871664,"Blautia stercoris",1418,9.66801284768455e-05,1437,9.79782880085348e-05
2093857,"Dysosmobacter welbionis",1397,9.52483353188668e-05,1615.5,0.000110148201892922
1440762,"Dyella japonica",1347,9.18393039903462e-05,1347.2,9.18522482154443e-05
2763023,"Bacteroides hominis",1311,8.93848014338113e-05,1565.8,0.000106754208195064
1982626,"Faecalibacillus intestinalis",1298,8.84984532883959e-05,1321.3,9.00848512222701e-05
2763059,"Pseudoflavonifractor hominis",1288,8.78166470226918e-05,1293.8,8.8208764064072e-05
2763673,"Yanshouia hominis",1281,8.73393826366989e-05,1352.8,9.22375124512963e-05
544645,"Butyricimonas virosa",1244,8.48166994535936e-05,1280.7,8.73168871594853e-05
76859,"Fusobacterium animalis",1217,8.29758225361925e-05,1127.5,7.68742918137939e-05
742727,"Bacteroides oleiciplenus",1205,8.21576550173475e-05,1212.2,8.26467279003912e-05
2763030,"Blautia segnis",1118,7.62259405057216e-05,1333.7,9.09314379852335e-05
2751153,"Coprobacter secundus",1104,7.52714117337358e-05,1146.9,7.81935202751488e-05
180164,"Blautia schinkii",1096,7.47259667211725e-05,1298,8.8496956315717e-05
1871018,"Angelakisella massiliensis",1096,7.47259667211725e-05,1055.6,7.19687839923967e-05
190304,"Fusobacterium nucleatum",1095,7.46577860946021e-05,1085.3,7.39972393773967e-05
1121114,"Blautia producta",1082,7.37714379491868e-05,1028.9,7.01481346065864e-05
1550024,"Ruthenibacterium lactatiformans",1072,7.30896316834826e-05,1089.1,7.42557052750798e-05
367928,"Bifidobacterium adolescentis",1071,7.30214510569122e-05,1067.7,7.27947127454028e-05
2764325,"[Eubacterium] hominis",1051,7.1657838525504e-05,1168.7,7.96802634306765e-05
1673717,"Anaeromassilibacillus senegalensis",1033,7.04305872472365e-05,1033,7.04306345951387e-05
2736290,"Xylanibacter muris",1030,7.02260453675253e-05,1035.6,7.06047263629824e-05
762966,"Parasutterella excrementihominis",1011,6.89306134626874e-05,1011.1,6.89360967529924e-05
1559,"Clostridium tertium",996,6.79079040641312e-05,996,6.79079432896911e-05
1217282,"Parabacteroides faecis",984,6.70897365452863e-05,989.4,6.74576732733643e-05
2763064,"Roseburia zhanii",979,6.67488334124342e-05,1164.3,7.93838702109379e-05
2838426,"Candidatus Agathobaculum pullicola",974,6.64079302795822e-05,1018.6,6.9448483744788e-05
1531,"Enterocloster clostridioformis",957,6.52488596278851e-05,1159.3,7.90414339614421e-05
1470345,"Bacteroides timonensis",892,6.08171189008083e-05,928.1,6.32818552463167e-05
1650663,"Allofournierella massiliensis",884,6.0271673888245e-05,935.2,6.376297573474e-05
679200,"Johnsonella ignava",875,5.96580482491113e-05,870,5.93197928921601e-05
331117,"Aspergillus fischeri",874,5.95898676225409e-05,761.2,5.19025205338409e-05
470146,"Coprococcus comes",857,5.84307969708439e-05,998.4,6.80730963897957e-05
2885348,"Hominifimenecus microfluidus",848,5.78171713317101e-05,747.5,5.09639246765134e-05
2981782,"Blautia ammoniilytica",832,5.67262813065835e-05,870.7,5.93665809461895e-05
1650661,"Clostridium phoceensis",824,5.61808362940202e-05,820.6,5.59473359776787e-05
386585,"Escherichia coli",820,5.59081137877386e-05,835.9,5.69953944514895e-05
537006,"Parabacteroides johnsonii",803,5.47490431360416e-05,848.9,5.78776628441468e-05
2479840,"Prevotella marseillensis",801,5.46126818829007e-05,643.4,4.38695386464552e-05
2763675,"Jilunia laotingensis",762,5.19536374466546e-05,945.1,6.44379909606532e-05
1121094,"Phocaeicola barnesiae",749,5.10672893012393e-05,760.1,5.18209021881462e-05
1448317,"Aspergillus costaricensis",729,4.9703676769831e-05,646.3,4.40659685004251e-05
3064195,"Brotocaccenecus cirricatena",700,4.7726438599289e-05,729.6,4.97449448690582e-05
208962,"Escherichia albertii",688,4.69082710804441e-05,687.7,4.6886270680947e-05
3342383,"Flintibacter porci",686,4.67719098273032e-05,790.7,5.39092855193022e-05
2086575,"Parabacteroides pacaensis",686,4.67719098273032e-05,685.2,4.67179510171791e-05
2981789,"Dorea amylophila",680,4.63628260678808e-05,672.4,4.58419971635027e-05
2850322,"Diplocloster modestus",655,4.46583104036204e-05,677.2,4.61718728091409e-05
1502,"Clostridium perfringens",646,4.40446847644867e-05,646,4.40447147944491e-05
2736291,"Palleniella intestinalis",635,4.32946978722122e-05,618,4.21382764428987e-05
28111,"Bacteroides eggerthii",623,4.24765303533672e-05,643.7,4.38852086288398e-05
2834112,"Bacteroides propionicigenes",622,4.24083497267968e-05,602.6,4.10857645426063e-05
2786956,"Phocaeicola faecalis",621,4.23401691002264e-05,600.3,4.09291464852364e-05
NA,"unknown genome; accession ID isNZ_AP028032.1",619,4.22038078470856e-05,606.8,4.13734043158904e-05
2652274,"Eisenbergiella porci",611,4.16583628345223e-05,662.6,4.51785431838341e-05
290055,"Faecalicatena fissicatena",608,4.1453820954811e-05,580.9,3.960397705882e-05
3117552,"Bacteroides maternus",603,4.1112917821959e-05,649.6,4.4293567331023e-05
2981770,"Gallintestinimicrobium propionicum",599,4.08401953156773e-05,644.4,4.39327447283642e-05
60172,"Penicillium solitum",599,4.08401953156773e-05,590.9,4.02873335626914e-05
1720294,"Eisenbergiella massiliensis",596,4.06356534359661e-05,636.5,4.33981276650248e-05
667015,"Phocaeicola salanitronis",591,4.0294750303114e-05,599.5,4.08763095791171e-05
2303987,"Motilimonas pumila",587,4.00220277968324e-05,411.8,2.80791353577538e-05
2686067,"Fusobacterium watanabei",558,3.80447896262904e-05,634.7,4.32748544511956e-05
2929157,"Erysipelothrix amsterdamensis",536,3.65448158417413e-05,533.5,3.63741239960046e-05
537011,"Segatella copri",526,3.58630095760372e-05,521.8,3.55779701358092e-05
871324,"Bacteroides stercorirosoris",513,3.49766614306218e-05,500.7,3.41378706097353e-05
445970,"Alistipes putredinis",511,3.4840300177481e-05,602.6,4.10872690530762e-05
745368,"Gemmiger formicilis",509,3.47039389243402e-05,543.7,3.70708552987005e-05
1796616,"Blautia pseudococcoides",506,3.44993970446289e-05,540.7,3.68634154640169e-05
2211183,"Evtepia gabavorous",499,3.4022132658636e-05,465.3,3.17264512772159e-05
1870993,"Coprococcus phoceensis",497,3.38857714054952e-05,530,3.61386915350334e-05
39496,"Eubacterium ventriosum",489,3.33403263929319e-05,520.4,3.54798182341e-05
3133171,"Pseudoflavonifractor intestinihominis",476,3.24539782475165e-05,570.9,3.8922515324753e-05
592978,"Mediterraneibacter faecis",476,3.24539782475165e-05,517.5,3.52842693570643e-05
2498453,"Geminicoccus harenae",467,3.18403526083828e-05,501.8,3.42102576830383e-05
518636,"Enterocloster asparagiformis",467,3.18403526083828e-05,495.7,3.37968757268443e-05
568814,"Streptococcus suis",465,3.1703991355242e-05,395.6,2.69721289397579e-05
1944636,"Parabacteroides provencensis",464,3.16358107286716e-05,470.2,3.20572323236206e-05
301302,"Roseburia faecis",451,3.07494625832562e-05,481.1,3.28012065926513e-05
2763040,"Dorea hominis",448,3.0544920703545e-05,504.8,3.44194466779988e-05
2927224,"Akkermansia massiliensis",448,3.0544920703545e-05,448.5,3.05801849588681e-05
471870,"Bacteroides intestinalis",444,3.02721981972633e-05,558.2,3.8058429952192e-05
2763027,"Blautia difficilis",427,2.91131275455663e-05,465.8,3.17562496909792e-05
2939491,"Parabacteroides leei",427,2.91131275455663e-05,465.9,3.17673010554835e-05
2763672,"Simiaoa sunii",425,2.89767662924255e-05,511.8,3.48943168737387e-05
2499076,"Marinifilum caeruleilacunae",415,2.82949600267214e-05,333,2.27009272066939e-05
1482676,"Brevibacterium metallidurans",414,2.82267794001509e-05,381.7,2.60234944528901e-05
293939,"Aspergillus lentulus",411,2.80222375204397e-05,523.4,3.56839523357045e-05
2763058,"Parabacteroides segnis",409,2.78858762672989e-05,418.1,2.85036265893592e-05
477666,"Bacteroides graminisolvens",407,2.7749515014158e-05,407,2.77508302279527e-05
2714358,"Pusillibacter faecalis",392,2.67268056156019e-05,397.6,2.7108367209669e-05
2924040,"Parabacteroides faecalis",386,2.63177218561794e-05,428.6,2.922086671927e-05
693979,"Bacteroides helcogenes",385,2.6249541229609e-05,431.1,2.93910089849335e-05
1871016,"Collinsella phocaeensis",376,2.56359155904752e-05,367.3,2.50447765776222e-05
565042,"Bifidobacterium longum",372,2.53631930841936e-05,371.6,2.5337055880457e-05
2941327,"Flintibacter muris",371,2.52950124576232e-05,371.4,2.53256285717328e-05
1912897,"Blautia argi",370,2.52268318310528e-05,296.9,2.02462437163647e-05
76857,"Fusobacterium polymorphum",368,2.50904705779119e-05,384.3,2.6204344274363e-05
2941333,"Mediterraneibacter agrestimuris",366,2.49541093247711e-05,445.8,3.03967729754219e-05
1002367,"Leyella stercorea",365,2.48859286982007e-05,418.3,2.85188410090078e-05
2692629,"Copranaerobaculum intestinale",364,2.48177480716303e-05,385.3,2.62703031200977e-05
559292,"Saccharomyces cerevisiae",363,2.47495674450599e-05,294.6,2.0085027896777e-05
2981774,"Suilimivivens aceti",363,2.47495674450599e-05,379.2,2.58535527514178e-05
3028070,"Claveliimonas bilis",358,2.44086643122078e-05,390.9,2.66488776151637e-05
103621,"Actinomyces urogenitalis",357,2.43404836856374e-05,357,2.43404972953647e-05
889204,"Streptococcus infantis",352,2.39995805527853e-05,357,2.43370974124882e-05
2024197,"Bacteroides cutis",346,2.35904967933629e-05,332.3,2.26574242917971e-05
1448310,"Aspergillus neoniger",342,2.33177742870812e-05,421.7,2.87492937559611e-05
1338,"Streptococcus intermedius",341,2.32495936605108e-05,352.9,2.40634249368956e-05
765909,"Lamprocystis purpurea",336,2.29086905276587e-05,306.1,2.08697005385454e-05
NA,"unknown genome; accession ID isNZ_LR027382.1",331,2.25677873948067e-05,340.2,2.31933369617432e-05
871327,"Parabacteroides chinchillae",327,2.2295064888525e-05,356.9,2.4334123704287e-05
5851,"Plasmodium knowlesi",324,2.20905230088138e-05,322.9,2.20130136015943e-05
1689270,"Intestinimonas timonensis",322,2.1954161755673e-05,372.6,2.5405925433991e-05
1314,"Streptococcus pyogenes",314,2.14087167431096e-05,343.7,2.3437079621507e-05
1926283,"Lachnoclostridium edouardi",311,2.12041748633984e-05,332.8,2.26872547616826e-05
371674,"Moryella indoligenes",309,2.10678136102576e-05,367.6,2.50655133952742e-05
1917883,"Bacteroides togonis",301,2.05223685976943e-05,311.1,2.12115210534576e-05
717959,"Alistipes shahii",297,2.02496460914126e-05,296.6,2.02202769151327e-05
2981768,"Anthropogastromicrobium aceti",291,1.98405623319902e-05,351.4,2.39584182041448e-05
2316025,"Mediterraneibacter butyricigenes",286,1.94996591991381e-05,357.3,2.43599056176347e-05
310300,"Bacteroides pyogenes",285,1.94314785725677e-05,305,2.07972337533674e-05
45851,"Eshraghiella crossota",280,1.90905754397156e-05,288.4,1.966296536809e-05
570012,"Shimwellia pseudoproteus",269,1.83405885474411e-05,281.9,1.9221079128104e-05
1940789,"Lactococcus petauri",267,1.82042272943002e-05,261.1,1.78038704998783e-05
1653435,"Merdimonas faecis",265,1.80678660411594e-05,306.1,2.08699362878412e-05
1776379,"Leyella lascolaii",264,1.7999685414589e-05,308.5,2.10340541631817e-05
89059,"Ligilactobacillus acidipiscis",262,1.78633241614482e-05,262,1.7863319459426e-05
198214,"Shigella flexneri",258,1.75906016551665e-05,276.7,1.88647960453614e-05
796937,"Peptoanaerobacter stomatis",256,1.74542404020257e-05,225.7,1.53891797230038e-05
358742,"Enterocloster aldenensis",253,1.72496985223145e-05,325.7,2.22086879926927e-05
1907654,"Collinsella bouchesdurhonensis",253,1.72496985223145e-05,248.8,1.69634744398685e-05
361101,"Streptococcus pseudoporcinus",248,1.69087953894624e-05,196.2,1.33769106651659e-05
2736289,"Xylanibacter rodentium",243,1.65678922566103e-05,243.2,1.65841787144147e-05
1882272,"Penicillium samsonianum",240,1.63633503768991e-05,240.9,1.64240084129082e-05
154046,"Hungatella hathewayi",238,1.62269891237583e-05,284.2,1.93740544877347e-05
187327,"Acidaminococcus intestini",235,1.6022447244047e-05,254.6,1.73620553711111e-05
1177179,"Alcanivorax hongdengensis",234,1.59542666174766e-05,347.5,2.36919095032858e-05
3133180,"Enterobacter intestinihominis",229,1.56133634846246e-05,233,1.58843111144938e-05
2509240,"Blautia faecicola",228,1.55451828580541e-05,280,1.90891702754686e-05
285729,"Fusobacterium canifelinum",227,1.54770022314837e-05,267.8,1.82609664584531e-05
1511761,"Leuconostoc suionicum",224,1.52724603517725e-05,229.2,1.5627513377642e-05
76759,"Pseudomonas monteilii",224,1.52724603517725e-05,224,1.52711618597432e-05
2763050,"Hungatella hominis",222,1.51360990986317e-05,223,1.52062950746797e-05
3032872,"Petralouisia muris",220,1.49997378454908e-05,230.4,1.57090388532933e-05
537007,"Blautia hansenii",219,1.49315572189204e-05,268,1.82707190250095e-05
2763048,"Flintibacter hominis",217,1.47951959657796e-05,217,1.47951655479453e-05
1236512,"Bacteroides rodentium",211,1.43861122063571e-05,264.2,1.80129640115633e-05
3030999,"Enterobacter rongchengensis",211,1.43861122063571e-05,196.1,1.33677072464276e-05
1123299,"Streptococcus castoreus",209,1.42497509532163e-05,218,1.48627131435869e-05
45133,"Lasiodiplodia theobromae",209,1.42497509532163e-05,171.2,1.16750958770418e-05
2894201,"Citrobacter meridianamericanus",209,1.42497509532163e-05,189.2,1.28993746738989e-05
197614,"Streptococcus pasteurianus",205,1.39770284469346e-05,284.8,1.9415556878592e-05
391612,"Crocosphaera chwakensis",202,1.37724865672234e-05,190.3,1.29763655325252e-05
2881264,"Blautia fusiformis",202,1.37724865672234e-05,217.9,1.4856505934644e-05
2764323,"Catenibacterium faecis",200,1.36361253140826e-05,214.1,1.45992477795088e-05
2739389,"Phocaeicola faecicola",198,1.34997640609418e-05,198.8,1.35512836873071e-05
2880704,"Duncaniella muricolitica",194,1.32270415546601e-05,217.2,1.48072838041495e-05
2763014,"Agathobaculum hominis",193,1.31588609280897e-05,197,1.34296669967108e-05
1796615,"Blautia caecimuris",193,1.31588609280897e-05,211.6,1.44299332704735e-05
621,"Shigella boydii",190,1.29543190483785e-05,257.3,1.75401638515316e-05
2981781,"Barnesiella propionica",189,1.2886138421808e-05,189.9,1.29505576955514e-05
2763053,"Lawsonibacter hominis",186,1.26815965420968e-05,186.1,1.26880530011439e-05
39486,"Dorea formicigenerans",186,1.26815965420968e-05,229.6,1.56555423957967e-05
547043,"Bifidobacterium pseudocatenulatum",185,1.26134159155264e-05,186.9,1.27426302396373e-05
2944915,"Coprobacter tertius",185,1.26134159155264e-05,188.9,1.28771388740546e-05
39490,"Eubacterium ramulus",185,1.26134159155264e-05,231.2,1.57613278465663e-05
880526,"Rikenella microfusus",182,1.24088740358151e-05,189.9,1.29503920471024e-05
1448311,"Aspergillus vadensis",182,1.24088740358151e-05,178.3,1.21583057131318e-05
1499973,"Escherichia marmotae",180,1.22725127826743e-05,218.5,1.48969285791999e-05
596315,"Peptostreptococcus stomatis",179,1.22043321561039e-05,180.2,1.22884171885626e-05
871665,"Blautia faecis",179,1.22043321561039e-05,182.1,1.24168652559884e-05
2685834,"Parabacteroides chongii",179,1.22043321561039e-05,187.6,1.27929010767214e-05
694437,"Flammeovirga aprica",178,1.21361515295335e-05,176,1.20025576329822e-05
2780922,"Solibaculum mannosilyticum",177,1.20679709029631e-05,182.1,1.24126859175599e-05
29845,"Penicillium vulpinum",173,1.17952483966814e-05,165.8,1.13061591442696e-05
5083,"Penicillium canescens",172,1.1727067770111e-05,163.5,1.11498420837179e-05
1776384,"Emergencia timonensis",170,1.15907065169702e-05,162.2,1.10560373428204e-05
820,"Bacteroides uniformis",169,1.15225258903998e-05,172.1,1.17329137523668e-05
1054460,"Streptococcus pseudopneumoniae",168,1.14543452638294e-05,171.1,1.16628688390814e-05
2093856,"Butyricimonas faecalis",167,1.1386164637259e-05,186.8,1.27360412253659e-05
2981794,"Roseburia amylophila",167,1.1386164637259e-05,174.5,1.19004817375743e-05
2763057,"Parabacteroides hominis",165,1.12498033841181e-05,167.3,1.1403986422093e-05
3035284,"Prevotella sp. B2-R-102",165,1.12498033841181e-05,169.4,1.15477035314873e-05
39488,"Anaerobutyricum hallii",164,1.11816227575477e-05,168.4,1.1480219514346e-05
2738446,"Anaerostipes faecalis",163,1.11134421309773e-05,163.2,1.11302120558231e-05
3038145,"Palleniella muris",162,1.10452615044069e-05,165,1.12525239757297e-05
1653434,"Sellimonas intestinalis",161,1.09770808778365e-05,162,1.10425169332462e-05
1841856,"Bacteroides mediterraneensis",158,1.07725389981252e-05,174.3,1.18846863555721e-05
550,"Enterobacter cloacae",156,1.06361777449844e-05,171.3,1.16821688782262e-05
2494234,"Sutterella megalosphaeroides",155,1.0567997118414e-05,153.7,1.04770061125167e-05
188913,"Cetobacterium somerae",153,1.04316358652732e-05,152.4,1.03877504769007e-05
880074,"Barnesiella viscericola",151,1.02952746121323e-05,173.2,1.18113460493703e-05
2981786,"Coprococcus aceti",151,1.02952746121323e-05,162.1,1.10543140852651e-05
239935,"Akkermansia muciniphila",149,1.01589133589915e-05,148.5,1.01253222674182e-05
2025493,"Blautia hominis",147,1.00225521058507e-05,146.8,1.00099857211425e-05
1522,"[Clostridium] innocuum",147,1.00225521058507e-05,176,1.20026325187997e-05
60171,"Penicillium verrucosum",147,1.00225521058507e-05,151,1.02953127349476e-05
1512,"[Clostridium] symbiosum",146,9.95437147928028e-06,151.8,1.0352902921509e-05
3133172,"Alistipes intestinihominis",146,9.95437147928028e-06,148.8,1.01480335990295e-05
2763656,"Guopingia tenuis",145,9.88619085270987e-06,165.4,1.12742112332795e-05
3133499,"Maccoyibacter intestinihominis",145,9.88619085270987e-06,146.3,9.97733500398817e-06
1266046,"Aurantibacter aestuarii",144,9.81801022613946e-06,139.5,9.50939835204439e-06
2690837,"Eggerthella guodeyinii",143,9.74982959956904e-06,137,9.34343090728298e-06
1255705,"Bavariicoccus seileri",142,9.68164897299863e-06,288,1.96388558773825e-05
2981785,"Coprococcus ammoniilyticus",142,9.68164897299863e-06,149.7,1.02045135276493e-05
1206725,"Nocardia brevicatena",140,9.54528771985781e-06,142.7,9.72733715972917e-06
387090,"Phocaeicola coprophilus",139,9.47710709328739e-06,178.2,1.21531392115627e-05
2585117,"Alistipes onderdonkii",138,9.40892646671698e-06,136.2,9.28692272906461e-06
2763658,"Ligaoa zhengdingensis",137,9.34074584014657e-06,165,1.12509966188112e-05
1681,"Bifidobacterium bifidum",136,9.27256521357615e-06,136.7,9.32356888638398e-06
1472416,"Butyricimonas faecihominis",135,9.20438458700574e-06,140.6,9.58657244082724e-06
1912855,"Faecalimonas umbilicata",135,9.20438458700574e-06,140.1,9.54925478957268e-06
1335613,"Gordonibacter urolithinfaciens",135,9.20438458700574e-06,135.3,9.22505345638224e-06
382638,"Helicobacter acinonychis",133,9.06802333386492e-06,134.3,9.15435334583057e-06
3133164,"Hominiventricola aquisgranensis",133,9.06802333386492e-06,132.2,9.01688237498191e-06
2763644,"Zhenpiania hominis",129,8.79530082758326e-06,136.2,9.28356456681353e-06
1076124,"Phytohabitans flavus",129,8.79530082758326e-06,129.3,8.81309518990352e-06
564,"Escherichia fergusonii",128,8.72712020101285e-06,133,9.06974048068829e-06
2590867,"Enorma burkinafasonensis",127,8.65893957444244e-06,119.2,8.12452529580601e-06
2316720,"Corallococcus interemptor",125,8.52257832130161e-06,161.7,1.10270574774744e-05
2994035,"Sellimonas catena",124,8.4543976947312e-06,130.7,8.91448067398861e-06
218493,"Salmonella bongori",123,8.38621706816079e-06,122,8.31910559924436e-06
28119,"Bacteroides zoogleoformans",123,8.38621706816079e-06,123.7,8.43389647525143e-06
1871013,"Parabacteroides timonensis",121,8.24985581501996e-06,140.4,9.57104214081723e-06
2736294,"Xylanibacter caecicola",120,8.18167518844955e-06,127.8,8.71437385733044e-06
596329,"Peptostreptococcus anaerobius",119,8.11349456187913e-06,131.8,8.98895506365918e-06
313439,"Streptococcus massiliensis",117,7.97713330873831e-06,118.8,8.09703949180668e-06
2290935,"Parabacteroides acidifaciens",116,7.9089526821679e-06,119.5,8.14487060728325e-06
2978477,"Eubacterium album",116,7.9089526821679e-06,125.3,8.54596942034589e-06
3133166,"Laedolimicola intestinihominis",116,7.9089526821679e-06,120.7,8.22962462875217e-06
61645,"Enterobacter asburiae",115,7.84077205559748e-06,115.6,7.88052336644642e-06
1331689,"Ursidibacter maritimus",115,7.84077205559748e-06,112.7,7.68590516635854e-06
536633,"Blautia glucerasea",115,7.84077205559748e-06,120.8,8.23742878435124e-06
2762212,"Phocaeicola intestinalis",115,7.84077205559748e-06,115.6,7.87929467373475e-06
1401079,"Mogibacterium timidum",114,7.77259142902707e-06,115.4,7.86492351092065e-06
1639133,"Citrobacter portucalensis",114,7.77259142902707e-06,117.2,7.98882662605251e-06
684066,"Streptococcus lactarius",113,7.70441080245666e-06,115.3,7.85919284713822e-06
223926,"Vibrio parahaemolyticus",112,7.63623017588624e-06,112,7.6361733523617e-06
27334,"Penicillium expansum",112,7.63623017588624e-06,112.1,7.64312101426209e-06
2172043,"Bifidobacterium tibiigranuli",112,7.63623017588624e-06,125.2,8.53754311177214e-06
365590,"Shewanella hafniensis",110,7.49986892274542e-06,107.9,7.35558830912354e-06
3093657,"Acutalibacter caecimuris",108,7.36350766960459e-06,108.4,7.3918925134914e-06
699246,"Mageeibacillus indolicus",106,7.22714641646377e-06,123.8,8.4432036958786e-06
476272,"Blautia hydrogenotrophica",106,7.22714641646377e-06,116.4,7.93631213995671e-06
2499078,"Vibrio ouci",103,7.02260453675253e-06,104.9,7.15275607494165e-06
39482,"Faecalicatena contorta",102,6.95442391018212e-06,120.7,8.22816717249847e-06
1448313,"Aspergillus piperis",101,6.8862432836117e-06,85.6,5.83952291106889e-06
645466,"Anaerostipes butyraticus",100,6.81806265704129e-06,87.3,5.95062838674776e-06
2981771,"Laedolimicola ammoniilytica",100,6.81806265704129e-06,106.3,7.24503025693773e-06
83332,"Mycobacterium tuberculosis",98,6.68170140390046e-06,98,6.68095504396507e-06
1735,"Holdemanella biformis",97,6.61352077733005e-06,106,7.22652399003397e-06
2779352,"Pseudoflavonifractor gallinarum",96,6.54534015075964e-06,105.3,7.17630309878902e-06
2714353,"Vescimonas fastidiosa",96,6.54534015075964e-06,98.9,6.74533394285039e-06
460384,"Enterocloster lavalensis",95,6.47715952418923e-06,103.1,7.03040105495128e-06
2763671,"Jingyaoa shaoxingensis",95,6.47715952418923e-06,107.5,7.3286613344383e-06
1307443,"Fusobacterium hwasookii",94,6.40897889761881e-06,100.8,6.87417750074349e-06
2608867,"Escherichia ruysiae",92,6.27261764447799e-06,93.9,6.40038691760996e-06
2981780,"Bacteroides cellulolyticus",91,6.20443701790757e-06,92.6,6.3145188447896e-06
2811779,"Peptoniphilus rachelemmaiella",91,6.20443701790757e-06,88.1,6.00845855983531e-06
2763038,"Clostridium segne",90,6.13625639133716e-06,87.1,5.93620112899648e-06
1775168,"Flagellimonas marina",90,6.13625639133716e-06,90,6.13626057507805e-06
158836,"Enterobacter hormaechei",89,6.06807576476675e-06,100.1,6.82361496723842e-06
889201,"Streptococcus cristatus",89,6.06807576476675e-06,114.6,7.81320940353977e-06
33945,"Enterococcus avium",88,5.99989513819633e-06,69.9,4.7678201945365e-06
515620,"Lachnospira eligens",87,5.93171451162592e-06,83.5,5.69209017984875e-06
75553,"Aspergillus viridinutans",87,5.93171451162592e-06,87.7,5.98055386338957e-06
2951805,"Parabacteroides absconsus",87,5.93171451162592e-06,92.3,6.29020726183689e-06
416450,"Penicillium antarcticum",87,5.93171451162592e-06,85.8,5.85208700194945e-06
5082,"Penicillium roqueforti",86,5.86353388505551e-06,87,5.93393617136352e-06
2981784,"[Clostridium] ammoniilyticum",85,5.7953532584851e-06,84,5.72732865941559e-06
1462571,"Bacteroides gallinaceum",85,5.7953532584851e-06,90,6.13873247325568e-06
28137,"Prevotella veroralis",84,5.72717263191468e-06,84,5.72717653673951e-06
583346,"Clostridium kluyveri",83,5.65899200534427e-06,83,5.66119769686844e-06
40994,"Penicillium hordei",82,5.59081137877386e-06,84,5.72572429493333e-06
2490545,"Bifidobacterium jacchi",81,5.52263075220344e-06,79,5.38393313348727e-06
622312,"Roseburia inulinivorans",80,5.45445012563303e-06,82.4,5.61723018469696e-06
40837,"Mycoplana ramosa",79,5.38626949906262e-06,64,4.36622364332012e-06
2763677,"Zongyangia hominis",77,5.24990824592179e-06,70.8,4.82869036464707e-06
2919919,"Atopomonas sediminilitoris",75,5.11354699278097e-06,71.6,4.87865721490042e-06
358743,"Enterocloster citroniae",75,5.11354699278097e-06,77.3,5.26716027133677e-06
147206,"Collinsella stercoris",74,5.04536636621055e-06,82.2,5.60632545348955e-06
3133163,"Ruthenibacterium intestinale",74,5.04536636621055e-06,75.3,5.13327296848135e-06
3133167,"Faecousia intestinalis",73,4.97718573964014e-06,84.8,5.77855091865388e-06
2107694,"Aphanothece hegewaldii",71,4.84082448649932e-06,86.4,5.88981557590467e-06
3032125,"Neopoerus faecalis",71,4.84082448649932e-06,73.9,5.04147503174454e-06
3093659,"Acutalibacter intestini",71,4.84082448649932e-06,69.9,4.76629554967258e-06
1472417,"Butyricimonas paravirosa",70,4.7726438599289e-06,75.4,5.13865511877339e-06
762051,"Leuconostoc kimchii",67,4.56810198021766e-06,58.1,3.96468988891985e-06
2885351,"Hominisplanchenecus faecis",66,4.49992135364725e-06,66.7,4.54482933646126e-06
59310,"Streptococcus macedonicus",66,4.49992135364725e-06,62.4,4.25523937156183e-06
225992,"Comamonas kerstersii",65,4.43174072707684e-06,65,4.43171147356484e-06
268346,"Penicillium mononematosum",65,4.43174072707684e-06,65.1,4.43917542423203e-06
2015901,"Massilicoli timonensis",65,4.43174072707684e-06,84.4,5.75466545169564e-06
433664,"Nocardioides agariphilus",64,4.36356010050643e-06,64.4,4.39354700525159e-06
546,"Citrobacter freundii",64,4.36356010050643e-06,76.6,5.22264850867482e-06
1720195,"Gabonibacter massiliensis",63,4.29537947393601e-06,63.3,4.31287371440175e-06
624,"Shigella sonnei",63,4.29537947393601e-06,68.2,4.64716477135879e-06
2490855,"Lachnoanaerobaculum gingivalis",63,4.29537947393601e-06,46.3,3.15562142156353e-06
1624,"Ligilactobacillus salivarius",63,4.29537947393601e-06,63.5,4.33260114576163e-06
1602169,"Prevotella pectinovora",63,4.29537947393601e-06,63.8,4.35289860798857e-06
1835702,"Penicillium arizonense",62,4.2271988473656e-06,73.2,4.99055120775902e-06
40041,"Streptococcus equi",62,4.2271988473656e-06,60.6,4.13439224093338e-06
546269,"Filifactor alocis",60,4.09083759422477e-06,70.5,4.80489227675621e-06
764299,"Streptococcus ictaluri",60,4.09083759422477e-06,61.3,4.17632847623223e-06
78346,"Bifidobacterium ruminantium",60,4.09083759422477e-06,60.8,4.14594692973962e-06
2663009,"Fusobacterium pseudoperiodonticum",60,4.09083759422477e-06,79.8,5.439250300357e-06
1578198,"Neobacillus notoginsengisoli",60,4.09083759422477e-06,60.4,4.12081378808129e-06
2763045,"Eubacterium segne",60,4.09083759422477e-06,60.9,4.15051023156525e-06
1871024,"Mordavella massiliensis",60,4.09083759422477e-06,56.5,3.85546764021858e-06
2881276,"Fusicatenibacter faecihominis",60,4.09083759422477e-06,66.8,4.55369299735676e-06
283354,"Alternaria metachromatica",60,4.09083759422477e-06,61.8,4.21209458150225e-06
445971,"Anaerofustis stercorihominis",59,4.02265696765436e-06,59,4.02103925865505e-06
2604158,"Nitratidesulfovibrio liaohensis",59,4.02265696765436e-06,59,4.02265971032894e-06
2763664,"Jutongia hominis",59,4.02265696765436e-06,61.9,4.22244628717197e-06
1069201,"Aspergillus luchuensis",59,4.02265696765436e-06,81.4,5.55150457336283e-06
33033,"Parvimonas micra",59,4.02265696765436e-06,45.4,3.0982172780743e-06
270249,"Bartonella phoceensis",59,4.02265696765436e-06,56.1,3.82788169088562e-06
1133319,"Bacteroides reticulotermitis",58,3.95447634108395e-06,58.9,4.01501727652993e-06
2763062,"Roseburia rectibacter",58,3.95447634108395e-06,61.1,4.16249795941004e-06
69359,"Thiohalocapsa halophila",58,3.95447634108395e-06,57.7,3.93480338060113e-06
2040291,"Dorea phocaeensis",58,3.95447634108395e-06,60.8,4.14439248369646e-06
126998,"Penicillium bovifimosum",57,3.88629571451353e-06,57.3,3.90357547523784e-06
44742,"Desulfovibrio fairfieldensis",56,3.81811508794312e-06,56,3.81811769115967e-06
2316726,"Corallococcus sicarius",55,3.74993446137271e-06,56.5,3.85343169649206e-06
2764329,"Paeniclostridium hominis",55,3.74993446137271e-06,51.8,3.53477390981367e-06
2799577,"Lacticaseibacillus suilingensis",55,3.74993446137271e-06,55,3.7495132125747e-06
2981783,"Blautia acetigignens",55,3.74993446137271e-06,62.6,4.27022309402917e-06
2747601,"Ruegeria haliotis",54,3.6817538348023e-06,53.1,3.62160403266568e-06
1841864,"Marseilla massiliensis",54,3.6817538348023e-06,54.4,3.70976885345701e-06
1816676,"Alistipes provencensis",54,3.6817538348023e-06,56.2,3.83313661834011e-06
93061,"Staphylococcus aureus",53,3.61357320823188e-06,53,3.61357567199041e-06
1125630,"Klebsiella pneumoniae",53,3.61357320823188e-06,49.2,3.35739124540707e-06
2981724,"Alitiscatomonas aceti",53,3.61357320823188e-06,56,3.81956931470848e-06
1448314,"Aspergillus eucalypticola",52,3.54539258166147e-06,69.8,4.76103479452959e-06
999415,"Eggerthia catenaformis",51,3.47721195509106e-06,57.2,3.90125841217155e-06
5074,"Penicillium brevicompactum",51,3.47721195509106e-06,59.6,4.06438260838191e-06
1211817,"Clostridium ihumii",50,3.40903132852064e-06,49.4,3.37036286628774e-06
105843,"Anaerobutyricum soehngenii",50,3.40903132852064e-06,46.3,3.15800841222911e-06
2945989,"Lutimaribacter degradans",50,3.40903132852064e-06,45.3,3.09000188686081e-06
2819619,"Streptococcus toyakuensis",50,3.40903132852064e-06,60.7,4.13732889712076e-06
3097367,"Actinomadura monticuli",50,3.40903132852064e-06,50,3.40903365282114e-06
1841868,"Provencibacterium massiliense",49,3.34085070195023e-06,53.5,3.646461664342e-06
53442,"Eubacterium callanderi",48,3.27267007537982e-06,49.5,3.3731162212426e-06
2981787,"Dorea acetigenes",48,3.27267007537982e-06,48.9,3.33326627594439e-06
88456,"Cyclospora cayetanensis",47,3.20448944880941e-06,47,3.20456120700526e-06
1944635,"Sutterella seckii",47,3.20448944880941e-06,47.9,3.26637449443615e-06
1792511,"Penicillium robsamsonii",47,3.20448944880941e-06,49.4,3.36625088983652e-06
NA,"unknown genome; accession ID isNZ_DAWEQI010000196.1",47,3.20448944880941e-06,47,3.20461977229088e-06
61171,"Holdemania filiformis",46,3.13630882223899e-06,48.4,3.3026278305426e-06
NA,"unknown genome; accession ID isNZ_DAWEHO010000023.1",46,3.13630882223899e-06,46,3.13742043050914e-06
1392255,"Aspergillus novofumigatus",45,3.06812819566858e-06,43.2,2.9445734207118e-06
1305,"Streptococcus sanguinis",45,3.06812819566858e-06,45.8,3.11971863345651e-06
3014267,"Agathobaculum massiliense",44,2.99994756909817e-06,47.3,3.2272593910537e-06
1034345,"Senegalimassilia anaerobia",43,2.93176694252775e-06,35.1,2.39510547427399e-06
1411144,"Bacteroides caecigallinarum",43,2.93176694252775e-06,43.1,2.9406492323809e-06
1720300,"Mediterraneibacter massiliensis",42,2.86358631595734e-06,45.5,3.10374987673388e-06
1309,"Streptococcus mutans",42,2.86358631595734e-06,44.1,3.00584188391352e-06
1579,"Lactobacillus acidophilus",42,2.86358631595734e-06,42,2.86343290150391e-06
1033731,"Alistipes timonensis",42,2.86358631595734e-06,45,3.06862365035529e-06
2763678,"Youxingia wuxianensis",41,2.79540568938693e-06,48.8,3.32485261196692e-06
2981791,"Megasphaera butyrica",41,2.79540568938693e-06,49.5,3.37734939773474e-06
3378067,"Butyricimonas sp. GBGM4",41,2.79540568938693e-06,47.1,3.2118986869528e-06
1918949,"Solemya elarraichensis gill symbiont",40,2.72722506281652e-06,42.1,2.86779934293582e-06
91492,"Aspergillus udagawae",39,2.6590444362461e-06,36.3,2.4717298414756e-06
2494701,"Enterobacter chengduensis",39,2.6590444362461e-06,41.2,2.80998677266984e-06
2585119,"Alistipes dispar",39,2.6590444362461e-06,39.2,2.67272575430065e-06
2653932,"Citrobacter telavivensis",39,2.6590444362461e-06,38.6,2.63435179327497e-06
33031,"Peptoniphilus lacrimalis",39,2.6590444362461e-06,46.2,3.15046787550022e-06
2583810,"Alteribacter natronophilus",38,2.59086380967569e-06,38.9,2.65410050021292e-06
2763668,"Jutongia huaianensis",38,2.59086380967569e-06,46.3,3.15529805896565e-06
2888525,"Thermomonas alba",38,2.59086380967569e-06,39,2.65983832627077e-06
2100822,"Kushneria phyllosphaerae",38,2.59086380967569e-06,42.4,2.89239492740525e-06
2292441,"Paratractidigestivibacter faecalis",37,2.52268318310528e-06,36.6,2.49759048210832e-06
2552766,"Meridianimarinicoccus aquatilis",37,2.52268318310528e-06,37,2.52278424376651e-06
315405,"Streptococcus gallolyticus",37,2.52268318310528e-06,37.1,2.53245184271859e-06
2764330,"Veillonella hominis",37,2.52268318310528e-06,34.4,2.34256995511441e-06
1932,"Streptomyces tendae",37,2.52268318310528e-06,36.9,2.51469848197387e-06
2841504,"Dysosmobacter acutus",37,2.52268318310528e-06,39,2.65595253270919e-06
3117701,"Niabella digestorum",37,2.52268318310528e-06,47,3.2029716137686e-06
NA,"unknown genome; accession ID isNZ_DAWEQI010000213.1",37,2.52268318310528e-06,37,2.5226877583435e-06
370354,"Entamoeba dispar",36,2.45450255653486e-06,41.1,2.80096471801178e-06
1347393,"Bacteroides neonati",36,2.45450255653486e-06,36.2,2.46710132443827e-06
1196081,"Talaromyces amestolkiae",36,2.45450255653486e-06,36.2,2.46666367435387e-06
2652276,"Holdemanella porci",35,2.38632192996445e-06,35.2,2.40013625657779e-06
2681861,"Sporofaciens musculi",35,2.38632192996445e-06,36.8,2.51001688677249e-06
2885352,"Hominiventricola filiformis",35,2.38632192996445e-06,40.3,2.74820671823396e-06
1871008,"Eggerthella timonensis",35,2.38632192996445e-06,38.6,2.63230531064679e-06
169963,"Listeria monocytogenes",34,2.31814130339404e-06,33.9,2.31260477728149e-06
2986526,"Lawsonibacter celer",34,2.31814130339404e-06,35.4,2.41345574354257e-06
1363,"Lactococcus garvieae",34,2.31814130339404e-06,39.8,2.71554872293812e-06
214856,"Alistipes finegoldii",34,2.31814130339404e-06,33.9,2.30826103575077e-06
3376993,"Vescimonas sanitatis",34,2.31814130339404e-06,36.1,2.45848860248381e-06
428127,"Amedibacillus dolichus",33,2.24996067682363e-06,38.5,2.62608842747764e-06
2981772,"Muricoprocola aceti",33,2.24996067682363e-06,34.3,2.33769545657554e-06
29391,"Gemella morbillorum",33,2.24996067682363e-06,32.6,2.22536737141838e-06
519441,"Streptobacillus moniliformis",32,2.18178005025321e-06,33.7,2.29707858598431e-06
1186058,"Trichosporon asahii",32,2.18178005025321e-06,31.6,2.1534122938605e-06
348802,"Exophiala xenobiotica",32,2.18178005025321e-06,27.9,1.90192521622404e-06
1849041,"Harryflintia acetispora",32,2.18178005025321e-06,32.2,2.19345723092447e-06
544580,"Actinomyces oris",32,2.18178005025321e-06,40,2.72884951171358e-06
1159213,"Peptostreptococcus canis",32,2.18178005025321e-06,36.5,2.49035421454474e-06
2981721,"Brotomerdimonas butyrica",32,2.18178005025321e-06,33.3,2.27332022400484e-06
2763056,"Oscillibacter hominis",31,2.1135994236828e-06,36.5,2.487629976496e-06
2763670,"Wujia chipingensis",31,2.1135994236828e-06,33.8,2.30721574098414e-06
1033744,"Peptoniphilus senegalensis",30,2.04541879711239e-06,36.8,2.50833254503275e-06
176090,"Streptococcus sinensis",30,2.04541879711239e-06,30.2,2.06033461395183e-06
2741,"Peptococcus niger",30,2.04541879711239e-06,33.4,2.28027997217373e-06
1313,"Streptococcus pneumoniae",29,1.97723817054197e-06,29.9,2.03786441733811e-06
46507,"Ezakiella coagulans",29,1.97723817054197e-06,34.7,2.36368272318005e-06
1517512,"Aspergillus pseudoviridinutans",29,1.97723817054197e-06,30.6,2.08641342204273e-06
2949662,"Coprococcus sp. B2-R-112",29,1.97723817054197e-06,29.6,2.01768331934881e-06
2927804,"Marinobacterium sedimentorum",29,1.97723817054197e-06,30.5,2.08243526069672e-06
36646,"Penicillium coprophilum",29,1.97723817054197e-06,30.5,2.07832600849003e-06
3079010,"Diplocloster hominis",29,1.97723817054197e-06,29.4,2.00782737941206e-06
1323,"Faecalicoccus pleomorphus",29,1.97723817054197e-06,32.5,2.21852118659771e-06
1393034,"Atopobium deltae",28,1.90905754397156e-06,32.2,2.19257110427016e-06
1796620,"Acutalibacter muris",28,1.90905754397156e-06,28.5,1.94379490367666e-06
41047,"Aspergillus thermomutatus",28,1.90905754397156e-06,30.8,2.0999504050931e-06
626929,"Bacteroides clarus",28,1.90905754397156e-06,28.8,1.96099890528255e-06
1796622,"Extibacter muris",27,1.84087691740115e-06,27.7,1.88869063134014e-06
2797506,"Enterobacter dykesii",27,1.84087691740115e-06,34,2.31990825149886e-06
176176,"Penicillium paradoxum",27,1.84087691740115e-06,27.5,1.87583735381526e-06
69789,"Penicillium soppii",27,1.84087691740115e-06,26.6,1.81470608083045e-06
3085167,"Segatella sinensis",27,1.84087691740115e-06,32,2.18314604271065e-06
1343,"Streptococcus vestibularis",27,1.84087691740115e-06,27.3,1.86095748509183e-06
1120978,"Allofustis seminis",26,1.77269629083074e-06,37.6,2.56180757128901e-06
501571,"Butyricicoccus pullicaecorum",26,1.77269629083074e-06,29.8,2.03429831245544e-06
94643,"Besnoitia besnoiti",26,1.77269629083074e-06,26,1.77064192947802e-06
104628,"Helicobacter suis",26,1.77269629083074e-06,26,1.77274214082401e-06
42260,"Zygotorulaspora mrakii",26,1.77269629083074e-06,26.2,1.78491462776904e-06
2949669,"Curtanaerobium respiraculi",26,1.77269629083074e-06,27.8,1.89825607810496e-06
3133177,"Bifidobacterium hominis",26,1.77269629083074e-06,26.3,1.79272845942205e-06
2781224,"Neodothiora populina",26,1.77269629083074e-06,27.1,1.84485517720747e-06
1960125,"Parendozoicomonas haliclonae",26,1.77269629083074e-06,29.7,2.02566997597407e-06
676599,"Stenotrophomonas panacihumi",25,1.70451566426032e-06,26,1.77515859570694e-06
2316736,"Corallococcus exercitus",25,1.70451566426032e-06,25,1.70634949884878e-06
2743469,"Rhabdonatronobacter sediminivivens",25,1.70451566426032e-06,38.3,2.61400896307953e-06
36651,"Penicillium digitatum",25,1.70451566426032e-06,26.7,1.81702705705193e-06
2838947,"Enterobacter quasimori",25,1.70451566426032e-06,24.2,1.64836346089258e-06
742818,"Slackia piriformis",24,1.63633503768991e-06,24.2,1.64877694039531e-06
2509433,"Senegalimassilia faecalis",24,1.63633503768991e-06,32.5,2.21621096333795e-06
2763655,"Gehongia tenuis",24,1.63633503768991e-06,24.1,1.64491195935663e-06
1501662,"Streptococcus parasuis",24,1.63633503768991e-06,36.6,2.49727496294907e-06
67828,"Citrobacter gillenii",23,1.5681544111195e-06,28.4,1.93534043881509e-06
NA,"unknown genome; accession ID isNZ_LT671675.1",23,1.5681544111195e-06,23.3,1.58934522199228e-06
1660341,"Peptoniphilus catoniae",23,1.5681544111195e-06,26.2,1.78431984466787e-06
742817,"Odoribacter laneus",22,1.49997378454908e-06,22.1,1.50402202573622e-06
1123309,"Streptococcus minor",22,1.49997378454908e-06,22,1.4999748342284e-06
1702221,"Faecalibaculum rodentium",22,1.49997378454908e-06,22,1.49997692732199e-06
2071710,"Enterobacter sichuanensis",22,1.49997378454908e-06,22.4,1.52811770865434e-06
1352,"Enterococcus faecium",22,1.49997378454908e-06,41.9,2.85529645872426e-06
1720204,"Collinsella ihumii",22,1.49997378454908e-06,21.6,1.46971610324132e-06
3133158,"Lachnospira intestinalis",22,1.49997378454908e-06,24.2,1.64974475608227e-06
1720315,"Hugonella massiliensis",21,1.43179315797867e-06,20,1.36112422487573e-06
2137581,"Ellagibacter isourolithinifaciens",21,1.43179315797867e-06,24.6,1.67945625021828e-06
3074433,"Vallitalea maricola",21,1.43179315797867e-06,19.3,1.31851115085978e-06
1776388,"Prevotella phocaeensis",21,1.43179315797867e-06,21.4,1.45654711513676e-06
1676614,"Xylanibacter rarus",20,1.36361253140826e-06,19.1,1.29914271122597e-06
1570016,"Thioflexithrix psekupsensis",20,1.36361253140826e-06,22.1,1.5047679047529e-06
83891,"Trypanosoma conorhini",20,1.36361253140826e-06,20.8,1.41908220833696e-06
109328,"Leptotrichia trevisanii",20,1.36361253140826e-06,22.8,1.5545266567286e-06
1805431,"Enterococcus saigonensis",20,1.36361253140826e-06,24.7,1.683216342228e-06
2713419,"Collinsella acetigenes",20,1.36361253140826e-06,21.7,1.47796939217678e-06
394095,"Pyxidicoccus fallax",20,1.36361253140826e-06,20.2,1.38002531901795e-06
1494461,"Pseudolactococcus laudensis",20,1.36361253140826e-06,16.9,1.15302523531088e-06
2763015,"Alistipes hominis",20,1.36361253140826e-06,20.3,1.38529710618167e-06
1871035,"Negativibacillus massiliensis",20,1.36361253140826e-06,23.9,1.63022430840286e-06
147207,"Collinsella intestinalis",20,1.36361253140826e-06,17.8,1.21550113928668e-06
546275,"Fusobacterium periodonticum",19,1.29543190483784e-06,19.1,1.30366211105886e-06
212818,"Exophiala mesophila",19,1.29543190483784e-06,20.4,1.3909587059122e-06
2606634,"Velocimicrobium porci",19,1.29543190483784e-06,21.9,1.49189386576958e-06
46256,"Weissella hellenica",19,1.29543190483784e-06,19.5,1.3261919540193e-06
2726742,"Flammeovirga agarivorans",19,1.29543190483784e-06,19.1,1.29968951571955e-06
2763063,"Roseburia yibonii",19,1.29543190483784e-06,28,1.90921346541517e-06
182096,"Aspergillus chevalieri",19,1.29543190483784e-06,20.2,1.37761892573358e-06
2972474,"Gabonibacter chumensis",19,1.29543190483784e-06,19,1.29547449868028e-06
855,"Fusobacterium simiae",19,1.29543190483784e-06,19,1.29704675012103e-06
1805714,"Christensenella massiliensis",19,1.29543190483784e-06,22.2,1.51549514901443e-06
1544,"Faecalicatena orotica",19,1.29543190483784e-06,19.1,1.30229832653174e-06
1150461,"Bifidobacterium scardovii",18,1.22725127826743e-06,20,1.36636015337815e-06
86332,"Mogibacterium pumilum",18,1.22725127826743e-06,19,1.29424049982133e-06
61420,"Aspergillus caelatus",18,1.22725127826743e-06,18,1.22725211501561e-06
2763669,"Qiania dongpingensis",18,1.22725127826743e-06,21,1.42946744534791e-06
246144,"Enterococcus italicus",18,1.22725127826743e-06,18.9,1.29030097907858e-06
1316194,"Penicillium subrubescens",18,1.22725127826743e-06,17.9,1.22367510887711e-06
3034352,"Enterococcus entomosocium",18,1.22725127826743e-06,18.1,1.23345095051126e-06
59298,"Streptomyces thermocarboxydovorans",18,1.22725127826743e-06,17.8,1.21127297551773e-06
2897707,"Merdimmobilis hominis",18,1.22725127826743e-06,18.1,1.23570681267048e-06
2219695,"Luxibacter massiliensis",18,1.22725127826743e-06,20.1,1.37069489347127e-06
215243,"Exophiala oligosperma",17,1.15907065169702e-06,19.7,1.34202862471408e-06
45286,"Eremothecium sinecaudum",17,1.15907065169702e-06,16.6,1.12900251599628e-06
1751298,"Mangrovihabitans endophyticus",17,1.15907065169702e-06,17,1.15936634957109e-06
3051154,"Cedecea sulfonylureivorans",17,1.15907065169702e-06,15.3,1.04513969837873e-06
67824,"Citrobacter farmeri",17,1.15907065169702e-06,18.6,1.26804551609703e-06
102148,"Solobacterium moorei",17,1.15907065169702e-06,18.2,1.23823965024034e-06
1670621,"Saccharothrix lopnurensis",17,1.15907065169702e-06,18.2,1.23900997125518e-06
1776391,"Romboutsia timonensis",17,1.15907065169702e-06,16.9,1.15318525755489e-06
1871033,"Olsenella urininfantis",17,1.15907065169702e-06,14.4,9.79092408379237e-07
2993456,"Lactiplantibacillus carotarum",17,1.15907065169702e-06,16.9,1.15456055662091e-06
626523,"Shuttleworthella satelles",16,1.09089002512661e-06,22.4,1.52945926654742e-06
2763659,"Fumia xinanensis",16,1.09089002512661e-06,16.7,1.13852231347867e-06
2963283,"Stenotrophomonas muris",16,1.09089002512661e-06,15.7,1.07040258625482e-06
189055,"Penicillium canariense",16,1.09089002512661e-06,16,1.09341235345802e-06
69791,"Penicillium waksmanii",16,1.09089002512661e-06,15,1.02600259931391e-06
762967,"Sutterella parvirubra",15,1.02270939855619e-06,15,1.02475052139712e-06
1123312,"Streptococcus ovis",15,1.02270939855619e-06,14.5,9.86833306035543e-07
2486000,"Lapidilactobacillus achengensis",15,1.02270939855619e-06,24.2,1.65221847007166e-06
2020715,"Thalassotalea litorea",15,1.02270939855619e-06,16.3,1.11364754253227e-06
2916441,"Adlercreutzia rubneri",15,1.02270939855619e-06,15,1.0227216185822e-06
102684,"Streptococcus infantarius",15,1.02270939855619e-06,15.4,1.04751952754034e-06
1812259,"Streptomyces ginkgonis",15,1.02270939855619e-06,14,9.51504967930159e-07
2981778,"Agathobaculum ammoniilyticum",15,1.02270939855619e-06,17.5,1.19152376463371e-06
2981773,"Muriventricola aceti",15,1.02270939855619e-06,15.9,1.08429798459878e-06
1871019,"Enorma phocaeensis",15,1.02270939855619e-06,17.8,1.21138356514545e-06
2079531,"Prevotella merdae",15,1.02270939855619e-06,15.5,1.05621363675318e-06
1121914,"Gemella cuniculi",14,9.54528771985781e-07,14,9.53906717827093e-07
1982628,"Faecalibacillus faecis",14,9.54528771985781e-07,18.1,1.23713530679027e-06
2304063,"Sphingobium terrigena",14,9.54528771985781e-07,14.2,9.69933058064184e-07
979627,"Lachnoanaerobaculum orale",14,9.54528771985781e-07,20.9,1.42190284606046e-06
2885361,"Brotaphodocola catenula",14,9.54528771985781e-07,15,1.02372109249997e-06
2909341,"Octadecabacter dasysiphoniae",14,9.54528771985781e-07,14,9.54529655895788e-07
2766470,"Leuconostoc falkenbergense",14,9.54528771985781e-07,14.3,9.71596837673109e-07
100884,"Coprobacillus cateniformis",13,8.86348145415368e-07,12.9,8.81195643164176e-07
518634,"Bifidobacterium breve",13,8.86348145415368e-07,13,8.8888719785569e-07
2382163,"Streptococcus koreensis",13,8.86348145415368e-07,13,8.83335331708169e-07
1796618,"Cuneatibacter caecimuris",13,8.86348145415368e-07,14.3,9.7172216345036e-07
1981069,"Leuconostoc litchii",13,8.86348145415368e-07,13.1,8.93893529048522e-07
2606633,"Oliverpabstia intestinalis",13,8.86348145415368e-07,13.4,9.16307852053173e-07
2714355,"Vescimonas coprocola",13,8.86348145415368e-07,13.3,9.04282736247045e-07
2981725,"Brotonthovivens ammoniilytica",13,8.86348145415368e-07,13,8.86777074516466e-07
2961893,"Pseudomonas triclosanedens",13,8.86348145415368e-07,13,8.86348749733496e-07
1850975,"Penicillium nucicola",13,8.86348145415368e-07,13.6,9.30248031291468e-07
3035606,"Catenibacterium mitsuokai",13,8.86348145415368e-07,13.3,9.07171349459221e-07
3075529,"Streptomyces gibsoniae",13,8.86348145415368e-07,12.8,8.72184835330015e-07
1460447,"Terrisporobacter petrolearius",13,8.86348145415368e-07,13,8.83637970401059e-07
5088,"Thermoascus crustaceus",13,8.86348145415368e-07,12.8,8.74189305755581e-07
150055,"Streptococcus lutetiensis",13,8.86348145415368e-07,14.9,1.01882627366921e-06
1423786,"Lentilactobacillus parafarraginis",12,8.18167518844955e-07,12,8.18168378484731e-07
53345,"Enterococcus durans",12,8.18167518844955e-07,11.5,7.83724423194992e-07
2763043,"Eggerthella hominis",12,8.18167518844955e-07,13.5,9.22027356494982e-07
2763667,"Wansuia hejianensis",12,8.18167518844955e-07,12.3,8.41088596142941e-07
2762229,"Escherichia whittamii",12,8.18167518844955e-07,12.2,8.30344958415261e-07
293559,"Penicillium concentricum",12,8.18167518844955e-07,12.5,8.4929462763914e-07
2993430,"Streptococcus parapneumoniae",12,8.18167518844955e-07,12.8,8.70999149411153e-07
1994,"Actinomadura rugatobispora",12,8.18167518844955e-07,10.9,7.45932148902408e-07
1852365,"Fusobacterium massiliense",12,8.18167518844955e-07,12.1,8.25810658373952e-07
1745712,"Anaerococcus urinomassiliensis",12,8.18167518844955e-07,21,1.43280378617247e-06
1871030,"Merdibacter massiliensis",12,8.18167518844955e-07,14.7,1.00199136642262e-06
1987501,"Massiliimalia timonensis",12,8.18167518844955e-07,13.3,9.0719400424378e-07
28130,"Prevotella disiens",12,8.18167518844955e-07,11.6,7.91912719141746e-07
1329,"Streptococcus canis",12,8.18167518844955e-07,11.3,7.67888869474534e-07
630626,"Shimwellia blattae",11,7.49986892274542e-07,10.9,7.4341784122189e-07
1197728,"Prevotella conceptionensis",11,7.49986892274542e-07,11,7.4998740362065e-07
1122988,"Hoylesella nanceiensis",11,7.49986892274542e-07,11.1,7.57739786817e-07
1455061,"Candidatus Magnetobacterium casense",11,7.49986892274542e-07,11,7.4998740362065e-07
5857,"Plasmodium fragile",11,7.49986892274542e-07,11.1,7.53512895763055e-07
2174932,"Nesterenkonia natronophila",11,7.49986892274542e-07,12.6,8.5719274205572e-07
2320100,"Parablautia intestinalis",11,7.49986892274542e-07,12.8,8.69799115999146e-07
3032870,"Lepagella muris",11,7.49986892274542e-07,11.8,8.03939004226355e-07
1928661,"Bradyrhizobium cajani",11,7.49986892274542e-07,11.8,8.05788748293375e-07
2579922,"Pseudomonas yangonensis",11,7.49986892274542e-07,14.4,9.80016897107528e-07
67296,"Streptomyces finlayi",11,7.49986892274542e-07,10.4,7.10582523567843e-07
2799636,"Catonella massiliensis",11,7.49986892274542e-07,12.4,8.44660139787495e-07
2816080,"Alicyclobacillus suci",11,7.49986892274542e-07,11,7.50056401412624e-07
208224,"Enterobacter kobei",11,7.49986892274542e-07,11,7.48935911136701e-07
2953879,"Weissella fangxianensis",11,7.49986892274542e-07,10.9,7.46116790514695e-07
471875,"[Ruminococcus] lactaris",11,7.49986892274542e-07,11.4,7.77264599071321e-07
3044208,"Fusibacillus kribbianus",11,7.49986892274542e-07,10.9,7.4274631590539e-07
2797505,"Enterobacter vonholyi",11,7.49986892274542e-07,11.8,8.04525016975734e-07
2769485,"Parvimonas parva",11,7.49986892274542e-07,10.7,7.30101379197708e-07
1410646,"Bifidobacterium merycicum",11,7.49986892274542e-07,10.9,7.39947674234089e-07
626522,"Alloprevotella tannerae",10,6.81806265704129e-07,10.5,7.12957161316839e-07
1408437,"Agathobaculum desmolans",10,6.81806265704129e-07,10.4,7.11246962415949e-07
2338368,"Alcanivorax profundi",10,6.81806265704129e-07,10.1,6.89796106126277e-07
411468,"[Clostridium] scindens",10,6.81806265704129e-07,9.8,6.66838161181003e-07
3038144,"Muribaculum caecicola",10,6.81806265704129e-07,10.1,6.9077201054033e-07
2755051,"Variimorphobacter saccharofermentans",10,6.81806265704129e-07,10,6.81863530884384e-07
35703,"Citrobacter amalonaticus",10,6.81806265704129e-07,10.6,7.22385102643663e-07
2885357,"Hominenteromicrobium mulieris",10,6.81806265704129e-07,9.9,6.72739363032098e-07
1002107,"Penicillium psychrosexuale",10,6.81806265704129e-07,10.2,6.98712622391609e-07
70096,"Penicillium cinerascens",10,6.81806265704129e-07,10,6.82166637663752e-07
2614158,"Streptococcus caledonicus",10,6.81806265704129e-07,10.8,7.35222573239017e-07
1354300,"Peptoniphilus mikwangii",9,6.13625639133716e-07,9.4,6.43946118885161e-07
1291764,"Lactococcus fujiensis",9,6.13625639133716e-07,9,6.13626057507805e-07
1796636,"Frisingicoccus caecimuris",9,6.13625639133716e-07,9.1,6.2059144233839e-07
2518605,"Segatella hominis",9,6.13625639133716e-07,10.3,7.0100577930881e-07
665913,"Mixta calida",9,6.13625639133716e-07,7,4.76984476224051e-07
157692,"Pseudoleptotrichia goodfellowii",9,6.13625639133716e-07,9,6.13626086441911e-07
2899544,"Intestinirhabdus alba",9,6.13625639133716e-07,9.1,6.21926117049368e-07
1159752,"Enterococcus lemanii",9,6.13625639133716e-07,10,6.83589878216907e-07
1218085,"Citrobacter rodentium",9,6.13625639133716e-07,10,6.84576131067393e-07
1353,"Enterococcus gallinarum",9,6.13625639133716e-07,11.2,7.60520940781567e-07
1234842,"Mucilaginibacter phenanthrenivorans",9,6.13625639133716e-07,10.8,7.37387131920235e-07
1211813,"Alistipes ihumii",9,6.13625639133716e-07,9,6.13946543022829e-07
214851,"Subdoligranulum variabile",9,6.13625639133716e-07,9.2,6.26257603410618e-07
2725494,"Kluyvera sichuanensis",9,6.13625639133716e-07,8.4,5.71920779461153e-07
2592333,"Sellimonas caecigallum",9,6.13625639133716e-07,8.9,6.04175185894507e-07
1917868,"Blautia marasmi",9,6.13625639133716e-07,9.5,6.47388661274474e-07
2364791,"Enterococcus mediterraneensis",9,6.13625639133716e-07,9.2,6.24902227293302e-07
2941338,"Streptococcus caecimuris",9,6.13625639133716e-07,8.9,6.07028869677495e-07
1123298,"Streptococcus caballi",8,5.45445012563303e-07,8.3,5.66488857116117e-07
1642702,"Paludifilum halophilum",8,5.45445012563303e-07,8.2,5.56503159784205e-07
1335062,"Teichococcus rhizosphaerae",8,5.45445012563303e-07,8,5.45445384451382e-07
1450537,"Aspergillus homomorphus",8,5.45445012563303e-07,8,5.45491133185208e-07
2044587,"Schaedlerella arabinosiphila",8,5.45445012563303e-07,8.2,5.59203867738024e-07
2605638,"Bradyrhizobium hipponense",8,5.45445012563303e-07,8.2,5.56221702079867e-07
283686,"Kosakonia radicincitans",8,5.45445012563303e-07,7.1,4.8614821840581e-07
1506151,"Aspergillus pseudonomiae",8,5.45445012563303e-07,8.1,5.54655314029333e-07
2320879,"Parablautia muri",8,5.45445012563303e-07,7.9,5.37809903295895e-07
1292134,"Stenotrophomonas africana",8,5.45445012563303e-07,8,5.45445384451382e-07
48254,"Torulaspora globosa",8,5.45445012563303e-07,8.3,5.65516350114067e-07
572010,"Slackia isoflavoniconvertens",8,5.45445012563303e-07,9.4,6.38104449974128e-07
2762213,"Phocaeicola faecium",8,5.45445012563303e-07,8.3,5.67719735681057e-07
2713174,"Fructobacillus parabroussonetiae",8,5.45445012563303e-07,8.4,5.73916413408968e-07
2897351,"Paraeggerthella hominis",8,5.45445012563303e-07,7.3,5.00591279236412e-07
1337051,"Murimonas intestini",8,5.45445012563303e-07,8,5.45741845799114e-07
879566,"Acetatifactor muris",8,5.45445012563303e-07,8.5,5.80236430950902e-07
742725,"Alistipes indistinctus",8,5.45445012563303e-07,8,5.45445549476273e-07
33043,"Coprococcus eutactus",8,5.45445012563303e-07,8.8,6.00868673948897e-07
3002863,"Methanocorpusculum petauri",8,5.45445012563303e-07,8.5,5.78810188483713e-07
2126740,"Clostridium fessum",8,5.45445012563303e-07,8.1,5.54526937443241e-07
3073100,"Candidatus Cetobacterium colombiensis",8,5.45445012563303e-07,8.4,5.69724001394423e-07
333963,"Leucobacter iarius",8,5.45445012563303e-07,9,6.16142804230923e-07
663608,"Actinomycetospora chlora",8,5.45445012563303e-07,6,4.08916770624641e-07
NA,"unknown genome; accession ID isNZ_DAWEIH010000007.1",8,5.45445012563303e-07,9,6.11306206711674e-07
1852381,"Duodenibacillus massiliensis",8,5.45445012563303e-07,8,5.46295131072943e-07
295089,"Pontixanthobacter luteolus",8,5.45445012563303e-07,7.4,5.04363397888364e-07
679192,"Bulleidia extructa",7,4.7726438599289e-07,7.5,5.09510309769655e-07
1231392,"Oceaniovalibus guishaninsula",7,4.7726438599289e-07,7,4.77264711394959e-07
566552,"Bifidobacterium catenulatum",7,4.7726438599289e-07,7.9,5.37470671086316e-07
767769,"Aspergillus brasiliensis",7,4.7726438599289e-07,7.1,4.81538058603943e-07
72026,"Helcococcus ovis",7,4.7726438599289e-07,6,4.10111979804166e-07
2607659,"Nocardioides antri",7,4.7726438599289e-07,7.1,4.82347354608501e-07
1612435,"Streptomyces kronopolitis",7,4.7726438599289e-07,7,4.77287628374945e-07
68238,"Streptomyces minutiscleroticus",7,4.7726438599289e-07,7,4.77281889196469e-07
658225,"Sphingomonas glacialis",7,4.7726438599289e-07,7,4.80406175188401e-07
1796635,"Longicatena caecimuris",7,4.7726438599289e-07,6.5,4.45312186485898e-07
357441,"Enterococcus lactis",7,4.7726438599289e-07,7.1,4.8090611212516e-07
322095,"Porphyromonas somerae",7,4.7726438599289e-07,7.1,4.86452359907732e-07
261299,"Intestinibacter bartlettii",7,4.7726438599289e-07,6.6,4.51107751807909e-07
438033,"Ruminococcus gauvreauii",7,4.7726438599289e-07,8.6,5.87791497484655e-07
168475,"Penicillium taxi",7,4.7726438599289e-07,7.1,4.81687891184018e-07
3133170,"Ventrimonas faecis",7,4.7726438599289e-07,7.1,4.81613439168773e-07
3133154,"Coprococcus intestinihominis",7,4.7726438599289e-07,7.6,5.19712126070319e-07
1871003,"Tidjanibacter massiliensis",7,4.7726438599289e-07,7,4.7728213879407e-07
NA,"unknown genome; accession ID isNZ_LT821227.1",7,4.7726438599289e-07,7.1,4.84665742947574e-07
2070686,"Enteroscipio rubneri",7,4.7726438599289e-07,7.1,4.82799836541498e-07
1117379,"Neobacillus bataviensis",6,4.09083759422477e-07,6,4.09834539441774e-07
1177154,"Alcanivorax nanhaiticus",6,4.09083759422477e-07,6,4.11871028693012e-07
1505,"Paraclostridium sordellii",6,4.09083759422477e-07,5.9,4.0242499392684e-07
2652292,"Hornefia porci",6,4.09083759422477e-07,6.4,4.36817625085949e-07
2172545,"Streptococcus halitosis",6,4.09083759422477e-07,6,4.0959268504905e-07
1341132,"Aspergillus welwitschiae",6,4.09083759422477e-07,6,4.10003630702773e-07
2056311,"Algoriphagus lacus",6,4.09083759422477e-07,6.3,4.29470765297729e-07
2494702,"Enterobacter huaxiensis",6,4.09083759422477e-07,7.4,5.05269869728083e-07
2486008,"Companilactobacillus mishanensis",6,4.09083759422477e-07,5.6,3.79520257085341e-07
271096,"Shewanella canadensis",6,4.09083759422477e-07,6.3,4.29344000810489e-07
2490854,"Prevotella koreensis",6,4.09083759422477e-07,5.2,3.5314025340872e-07
1160095,"Vagococcus entomophilus",6,4.09083759422477e-07,6,4.09084300226007e-07
33964,"Leuconostoc citreum",6,4.09083759422477e-07,7.7,5.24597982745171e-07
2055836,"Natronococcus pandeyae",6,4.09083759422477e-07,7.2,4.92317394137456e-07
1038857,"Kocuria sediminis",6,4.09083759422477e-07,5.7,3.89509851770718e-07
2722702,"Salinimicrobium oceani",6,4.09083759422477e-07,5.4,3.68015945817093e-07
1334,"Streptococcus dysgalactiae",6,4.09083759422477e-07,6,4.09768585517941e-07
2815722,"Nocardia noduli",6,4.09083759422477e-07,6,4.09652288295284e-07
1529,"Clostridium cadaveris",6,4.09083759422477e-07,7.8,5.33631328638875e-07
2740516,"Pseudomonas ceruminis",6,4.09083759422477e-07,4.9,3.36161160639329e-07
3036303,"Peptoniphilus genitalis",6,4.09083759422477e-07,10,6.83258129641402e-07
1187928,"Alternaria incomplexa",6,4.09083759422477e-07,6.6,4.51772454594595e-07
1132637,"Penicillium atrosanguineum",6,4.09083759422477e-07,6,4.09143591764579e-07
1243002,"Vibrio olivae",6,4.09083759422477e-07,6,4.09124399355518e-07
1134781,"Methylopila musalis",6,4.09083759422477e-07,6.2,4.22599710477818e-07
3061286,"Dickeya ananatis",6,4.09083759422477e-07,5.6,3.82536435870995e-07
1513892,"Rhodopseudomonas pseudopalustris",6,4.09083759422477e-07,6.3,4.29572220986479e-07
2086583,"Pseudoruminococcus massiliensis",6,4.09083759422477e-07,4.6,3.14066231731934e-07
1308,"Streptococcus thermophilus",6,4.09083759422477e-07,9.1,6.20117496278966e-07
2941507,"Senimuribacter intestinalis",6,4.09083759422477e-07,6,4.09423165821551e-07
510516,"Aspergillus oryzae",5,3.40903132852064e-07,5.6,3.80685750953812e-07
5802,"Eimeria tenella",5,3.40903132852064e-07,5.1,3.45475243009737e-07
318464,"Clostridium sulfidigenes",5,3.40903132852064e-07,5.1,3.47741706261453e-07
518635,"Bifidobacterium angulatum",5,3.40903132852064e-07,5,3.41005519625393e-07
1423801,"Liquorilactobacillus satsumensis",5,3.40903132852064e-07,5,3.40903480074518e-07
290052,"Acetivibrio ethanolgignens",5,3.40903132852064e-07,5.3,3.59032457378322e-07
189622,"Babesia ovata",5,3.40903132852064e-07,7,4.75795103678258e-07
2026339,"Oceanibium sediminis",5,3.40903132852064e-07,5.2,3.52237107856952e-07
657276,"Vogesella mureinivorans",5,3.40903132852064e-07,5.3,3.61774412282327e-07
2601703,"Heminiphilus faecis",5,3.40903132852064e-07,5.2,3.55532646926316e-07
1341,"Streptococcus ratti",5,3.40903132852064e-07,5.1,3.45258857083299e-07
5059,"Aspergillus flavus",5,3.40903132852064e-07,4.6,3.16629205370297e-07
2716335,"Falsiroseomonas selenitidurans",5,3.40903132852064e-07,5,3.4310998266455e-07
2719233,"Lacrimispora defluvii",5,3.40903132852064e-07,5.5,3.72415341789413e-07
1816689,"Sutterella massiliensis",5,3.40903132852064e-07,5.3,3.64752777974542e-07
1302,"Streptococcus gordonii",5,3.40903132852064e-07,5,3.43139228637992e-07
2834432,"Bifidobacterium pongonis",5,3.40903132852064e-07,5,3.40909066322263e-07
2903556,"Faecalibacterium gallinarum",5,3.40903132852064e-07,5.1,3.44751364932276e-07
2926520,"Scandinavium manionii",5,3.40903132852064e-07,5.3,3.60141779977597e-07
1131581,"Penicillium argentinense",5,3.40903132852064e-07,5,3.43958587452362e-07
114528,"Mogibacterium neglectum",5,3.40903132852064e-07,5.1,3.48847131700321e-07
396014,"Brachybacterium phenoliresistens",5,3.40903132852064e-07,5,3.40903365282114e-07
NA,"unknown genome; accession ID isNZ_DAWEQI010000062.1",5,3.40903132852064e-07,5,3.41196682235098e-07
1115758,"Romboutsia ilealis",5,3.40903132852064e-07,4.8,3.29758352230371e-07
1776382,"Neglectibacter timonensis",5,3.40903132852064e-07,6.1,4.14619477937838e-07
33030,"Peptoniphilus indolicus",5,3.40903132852064e-07,4.8,3.26916376262355e-07
535290,"Legionella nagasakiensis",5,3.40903132852064e-07,4.2,2.83786892317993e-07
796944,"Oribacterium asaccharolyticum",4,2.72722506281652e-07,4.2,2.87677232014241e-07
280463,"Emiliania huxleyi",4,2.72722506281652e-07,4,2.72722692225691e-07
1121109,"Bifidobacterium minimum",4,2.72722506281652e-07,4.3,2.93300307105404e-07
1121111,"Bifidobacterium thermacidophilum",4,2.72722506281652e-07,4,2.74715767713008e-07
78343,"Bifidobacterium boum",4,2.72722506281652e-07,4.5,3.07916415400004e-07
1423812,"Liquorilactobacillus uvarum",4,2.72722506281652e-07,4.6,3.14270801083581e-07
1547597,"Sanguibacteroides justesenii",4,2.72722506281652e-07,4,2.72724264436422e-07
230658,"Paraeggerthella hongkongensis",4,2.72722506281652e-07,5,3.39247795239448e-07
2486017,"Loigolactobacillus zhaoyuanensis",4,2.72722506281652e-07,3.7,2.4961942193027e-07
2605433,"Sphingobacterium phlebotomi",4,2.72722506281652e-07,4,2.73224176075592e-07
2605790,"Roseburia porci",4,2.72722506281652e-07,4,2.74677469009065e-07
68282,"Streptomyces viridiviolaceus",4,2.72722506281652e-07,4,2.72731763518402e-07
3044279,"Massilia hydrophila",4,2.72722506281652e-07,4,2.72722692225691e-07
2972466,"Tractidigestivibacter montrealensis",4,2.72722506281652e-07,4,2.73271171618326e-07
2981728,"Huintestinicola butyrica",4,2.72722506281652e-07,3.9,2.64225669434351e-07
1005665,"Kosakonia oryzendophytica",4,2.72722506281652e-07,4.1,2.80267731073804e-07
1437816,"Methylopila turkensis",4,2.72722506281652e-07,4.8,3.29839165189812e-07
63821,"Penicillium daleae",4,2.72722506281652e-07,3.5,2.41986536813835e-07
3053355,"Streptococcus raffinosi",4,2.72722506281652e-07,4.2,2.83064683138581e-07
2996112,"Enterobacter pseudoroggenkampii",4,2.72722506281652e-07,4.7,3.19553939689839e-07
3062598,"Erwinia pyri",4,2.72722506281652e-07,4.6,3.11641631810127e-07
66855,"Saccharothrix mutabilis",4,2.72722506281652e-07,3.7,2.52393026191401e-07
638574,"Nonomuraea rosea",4,2.72722506281652e-07,4,2.73430609378412e-07
3133165,"Solibaculum intestinale",4,2.72722506281652e-07,4.5,3.09594054104363e-07
3133091,"unknown genome; accession ID isNZ_JBBMER010000008.1",4,2.72722506281652e-07,4,2.72805783258318e-07
2282420,"Streptococcus hillyeri",4,2.72722506281652e-07,4.4,3.0336055394036e-07
1870991,"Massilioclostridium coli",4,2.72722506281652e-07,4.2,2.8362057259121e-07
1852386,"Thermophilibacter provencensis",4,2.72722506281652e-07,4.6,3.14656736595372e-07
1937461,"Collinsella provencensis",4,2.72722506281652e-07,4.2,2.84339847454217e-07
764298,"Streptococcus macacae",4,2.72722506281652e-07,4,2.727227076817e-07
149016,"Streptococcus urinalis",4,2.72722506281652e-07,4.1,2.80593604510609e-07
28985,"Kluyveromyces lactis",3,2.04541879711239e-07,3.1,2.08301901416603e-07
5061,"Aspergillus niger",3,2.04541879711239e-07,3,2.06017738604098e-07
228400,"Histophilus somni",3,2.04541879711239e-07,3.4,2.32703653501306e-07
796943,"Oribacterium parvum",3,2.04541879711239e-07,3.1,2.08971556615814e-07
1531429,"Berryella intestinalis",3,2.04541879711239e-07,3.1,2.10259142054258e-07
312540,"Acidiplasma cupricumulans",3,2.04541879711239e-07,3,2.04542022236509e-07
1812935,"Enterobacter roggenkampii",3,2.04541879711239e-07,2.4,1.61568117276406e-07
1834167,"Candidatus Enterococcus lemimoniae",3,2.04541879711239e-07,3,2.04542090276421e-07
1905142,"Amycolatopsis vastitatis",3,2.04541879711239e-07,3,2.04924676252108e-07
67780,"Edwardsiella ictaluri",3,2.04541879711239e-07,3,2.04542019719747e-07
242230,"Eggerthella sinensis",3,2.04541879711239e-07,2.9,1.97523213227414e-07
2496871,"Piscinibacter terrae",3,2.04541879711239e-07,3.4,2.28486486013769e-07
2530390,"Muribaculum gordoncarteri",3,2.04541879711239e-07,3.1,2.12797581641063e-07
180434,"Morganella morganii",3,2.04541879711239e-07,2.9,1.98060677433722e-07
2478464,"Enterobacter oligotrophicus",3,2.04541879711239e-07,3.7,2.49489865063692e-07
2652279,"Olsenella porci",3,2.04541879711239e-07,3,2.03033008094696e-07
2609961,"Pseudomonas akapageensis",3,2.04541879711239e-07,3.1,2.14255572599587e-07
393006,"Tamlana crocina",3,2.04541879711239e-07,3.6,2.47338457983214e-07
1070421,"Periweissella fabalis",3,2.04541879711239e-07,2.3,1.55577611211046e-07
2763035,"Clostridium facile",3,2.04541879711239e-07,3,2.05681717833827e-07
2764712,"Lentihominibacter faecis",3,2.04541879711239e-07,3,2.04651139320664e-07
2766479,"Taishania pollutisoli",3,2.04541879711239e-07,3,2.04542019169268e-07
1081040,"Microbacterium murale",3,2.04541879711239e-07,4,2.70739297155846e-07
67314,"Streptomyces lavendofoliae",3,2.04541879711239e-07,3,2.04665417614478e-07
68193,"Streptomyces djakartensis",3,2.04541879711239e-07,3.1,2.12639952407134e-07
2773426,"Nocardioides malaquae",3,2.04541879711239e-07,3,2.04542019211889e-07
1796652,"Turicimonas muris",3,2.04541879711239e-07,3,2.04637846645102e-07
1349415,"Streptococcus loxodontisalivarius",3,2.04541879711239e-07,3,2.04609004692952e-07
1581472,"Streptococcus panodentis",3,2.04541879711239e-07,3,2.0576974697739e-07
71452,"Enterococcus raffinosus",3,2.04541879711239e-07,4.1,2.77400455973575e-07
1406906,"Leuconostoc rapi",3,2.04541879711239e-07,3,2.04598838266607e-07
361500,"Anaerococcus degeneri",3,2.04541879711239e-07,3.6,2.44677428532346e-07
2881258,"Ruminococcus turbiniformis",3,2.04541879711239e-07,2.6,1.7420428592852e-07
1306993,"Pseudomonas soli",3,2.04541879711239e-07,3,2.04542019169268e-07
2919913,"Shinella sedimenti",3,2.04541879711239e-07,3.5,2.36121132068654e-07
478749,"Marvinbryantia formatexigens",3,2.04541879711239e-07,3,2.05388610910846e-07
2838522,"Candidatus Collinsella stercoripullorum",3,2.04541879711239e-07,3.4,2.31174899239639e-07
1642,"Listeria innocua",3,2.04541879711239e-07,2.9,1.95831740889795e-07
1324776,"Penicillium malachiteum",3,2.04541879711239e-07,3.1,2.10559823464957e-07
63820,"Penicillium chermesinum",3,2.04541879711239e-07,3,2.04653597920032e-07
3036443,"Streptococcus sp. ST2",3,2.04541879711239e-07,4.5,3.06140552125068e-07
485880,"Pseudomonas kurunegalensis",3,2.04541879711239e-07,3.2,2.20758627291367e-07
3065809,"Lachnoanaerobaculum sanguinis",3,2.04541879711239e-07,4.7,3.22850531624163e-07
2497875,"Enterobacter chuandaensis",3,2.04541879711239e-07,5.8,3.92355733629113e-07
1691903,"Mangrovibacter phragmitis",3,2.04541879711239e-07,3.4,2.31772752758058e-07
3239304,"Leptotrichia alba",3,2.04541879711239e-07,3.1,2.09072835402299e-07
413502,"Cronobacter turicensis",3,2.04541879711239e-07,3.4,2.34367044144993e-07
176160,"Aspergillus ambiguus",3,2.04541879711239e-07,3,2.04542019207642e-07
1805470,"Clostridium nigeriense",3,2.04541879711239e-07,3,2.04546492280077e-07
1903263,"Traorella massiliensis",3,2.04541879711239e-07,3,2.05321536999976e-07
1836972,"Frankia canadensis",3,2.04541879711239e-07,3.1,2.09542350333369e-07
5855,"Plasmodium vivax",2,1.36361253140826e-07,2.2,1.47581047897527e-07
610130,"Lacrimispora saccharolytica",2,1.36361253140826e-07,2,1.37344857046569e-07
246409,"Rhizopus delemar",2,1.36361253140826e-07,1.5,1.03325498044799e-07
796942,"Stomatobaculum longum",2,1.36361253140826e-07,2,1.38305806526901e-07
1229756,"Leuconostoc gelidum",2,1.36361253140826e-07,2,1.36361353632067e-07
1118060,"Enorma massiliensis",2,1.36361253140826e-07,2.1,1.45169187285839e-07
1211579,"Pseudomonas putida",2,1.36361253140826e-07,2,1.36397869750493e-07
1121112,"Bifidobacterium tsurumiense",2,1.36361253140826e-07,2,1.36361350039038e-07
1577792,"Terrisporobacter othiniensis",2,1.36361253140826e-07,2.3,1.55611652505187e-07
569365,"Cladophialophora immunda",2,1.36361253140826e-07,2,1.37548290206536e-07
1673719,"Anaerococcus jeddahensis",2,1.36361253140826e-07,2.9,2.00037346105165e-07
1384589,"Entomohabitans teleogrylli",2,1.36361253140826e-07,2,1.3948241707221e-07
5078,"Penicillium griseofulvum",2,1.36361253140826e-07,2.6,1.7540613296442e-07
1218112,"Kluyvera cryocrescens",2,1.36361253140826e-07,2.1,1.42438575539538e-07
36847,"Anaerotignum neopropionicum",2,1.36361253140826e-07,2,1.36489573625888e-07
1987383,"Candidatus Enterococcus wittei",2,1.36361253140826e-07,2,1.37038435882688e-07
1260,"Finegoldia magna",2,1.36361253140826e-07,2,1.36485202145186e-07
2024554,"Virgibacillus indicus",2,1.36361253140826e-07,2,1.36470930871709e-07
2024555,"Virgibacillus profundi",2,1.36361253140826e-07,2,1.36361504218748e-07
1392250,"Aspergillus steynii",2,1.36361253140826e-07,2,1.39183457833023e-07
1298595,"Veillonella rogosae",2,1.36361253140826e-07,2,1.36362743052389e-07
1310,"Streptococcus sobrinus",2,1.36361253140826e-07,2,1.36361780622931e-07
2184082,"Marinifilum breve",2,1.36361253140826e-07,2.4,1.62411793509165e-07
253257,"Lacrimispora amygdalina",2,1.36361253140826e-07,2.1,1.43930859591238e-07
2021971,"Streptococcus respiraculi",2,1.36361253140826e-07,2.1,1.40836188193588e-07
380685,"Thermosipho globiformans",2,1.36361253140826e-07,2.1,1.45514867685564e-07
2559927,"Enterococcus songbeiensis",2,1.36361253140826e-07,2.5,1.71512328422219e-07
1259973,"Klebsiella electrica",2,1.36361253140826e-07,2.2,1.48150748067513e-07
568768,"Dickeya poaceiphila",2,1.36361253140826e-07,2,1.36361346112846e-07
2607660,"Nocardioides humilatus",2,1.36361253140826e-07,2.1,1.42021472678558e-07
67827,"Citrobacter werkmanii",2,1.36361253140826e-07,2,1.38930477709552e-07
61648,"Kluyvera intermedia",2,1.36361253140826e-07,2,1.3642075491268e-07
2652282,"Peptostreptococcus porci",2,1.36361253140826e-07,2,1.38170909034488e-07
2606636,"Bilifractor porci",2,1.36361253140826e-07,2,1.36550488991277e-07
1857217,"Candidatus Enterococcus huntleyi",2,1.36361253140826e-07,2.4,1.66427669830345e-07
468913,"Deinococcus alpinitundrae",2,1.36361253140826e-07,2,1.363614842054e-07
2661627,"Bifidobacterium saimiriisciurei",2,1.36361253140826e-07,2.1,1.41855410024815e-07
673271,"Catenibacillus scindens",2,1.36361253140826e-07,2,1.39532474279043e-07
2763066,"Ruminococcus intestinalis",2,1.36361253140826e-07,2,1.36974519155223e-07
1288495,"Diaphorobacter aerolatus",2,1.36361253140826e-07,2.9,1.94326747209436e-07
1571185,"Marinithermofilum abyssi",2,1.36361253140826e-07,2,1.36440466676241e-07
67333,"Streptomyces narbonensis",2,1.36361253140826e-07,2.4,1.64221491748538e-07
2779358,"Gallalistipes aquisgranensis",2,1.36361253140826e-07,2,1.36412794049942e-07
160404,"Anaerotignum lactatifermentans",2,1.36361253140826e-07,2.3,1.5609199530949e-07
2740579,"Streptococcus vicugnae",2,1.36361253140826e-07,2,1.36719798731034e-07
2799638,"Tenebrionibacter intestinalis",2,1.36361253140826e-07,2.1,1.40599567535385e-07
40545,"Sutterella wadsworthensis",2,1.36361253140826e-07,2.1,1.45486424800173e-07
990412,"Limosilactobacillus alvi",2,1.36361253140826e-07,2,1.36743629832263e-07
273372,"Candida metapsilosis",2,1.36361253140826e-07,2,1.38139105157483e-07
1580590,"Leishmania martiniquensis",2,1.36361253140826e-07,2,1.36361346112846e-07
2819233,"Microvirga antarctica",2,1.36361253140826e-07,1.7,1.1884887874744e-07
2841509,"Butyricicoccus intestinisimiae",2,1.36361253140826e-07,2,1.36558368498074e-07
2815723,"Nocardia alni",2,1.36361253140826e-07,2,1.36361346112846e-07
434464,"Leuconostoc holzapfelii",2,1.36361253140826e-07,2.3,1.56407113007419e-07
910540,"Leuconostoc miyukkimchii",2,1.36361253140826e-07,2,1.37096153924438e-07
501487,"Leuconostoc palmae",2,1.36361253140826e-07,2,1.36380895967762e-07
2854755,"Prevotella lacticifex",2,1.36361253140826e-07,2,1.36361346112846e-07
232088,"Alternaria arbusti",2,1.36361253140826e-07,2,1.36361346112846e-07
2926519,"Scandinavium hiltneri",2,1.36361253140826e-07,2.2,1.50080595450812e-07
2981722,"Porcipelethomonas ammoniilytica",2,1.36361253140826e-07,2.1,1.427079918688e-07
1131564,"Penicillium cosmopolitanum",2,1.36361253140826e-07,3,2.01655800779195e-07
1080232,"Penicillium hispanicum",2,1.36361253140826e-07,2,1.363931609787e-07
1903569,"Penicillium riverlandense",2,1.36361253140826e-07,2.1,1.43289091895968e-07
3041623,"Streptococcus taonis",2,1.36361253140826e-07,2.4,1.64329550185208e-07
379893,"Trabulsiella odontotermitis",2,1.36361253140826e-07,2.8,1.88445189039391e-07
2758443,"Mixta mediterraneensis",2,1.36361253140826e-07,2.1,1.41466940134928e-07
133448,"Citrobacter youngae",2,1.36361253140826e-07,2,1.38233741092621e-07
1788519,"Scheffersomyces coipomensis",2,1.36361253140826e-07,2,1.3933920613525e-07
1281486,"Lactococcus formosensis",2,1.36361253140826e-07,2,1.3857421217648e-07
66882,"Streptomyces cuspidosporus",2,1.36361253140826e-07,2,1.36367290860729e-07
47880,"Pseudomonas fulva",2,1.36361253140826e-07,2,1.36366612469416e-07
3133162,"Ruminococcoides intestinale",2,1.36361253140826e-07,2.3,1.55117701543811e-07
3133161,"Ruminococcoides intestinihominis",2,1.36361253140826e-07,2,1.36652884062658e-07
86667,"Jeotgalibacillus marinus",2,1.36361253140826e-07,2.1,1.4617861878414e-07
3236804,"Leuconostoc aquikimchii",2,1.36361253140826e-07,2.3,1.57575209036437e-07
3115614,"Anaerococcus kampingiae",2,1.36361253140826e-07,2.6,1.76946037919947e-07
NA,"unknown genome; accession ID isNZ_DAWEIH010000122.1",2,1.36361253140826e-07,2,1.36370872320341e-07
28052,"Lachnospira pectinoschiza",2,1.36361253140826e-07,2,1.36361346405113e-07
84698,"Clostridium frigidicarnis",2,1.36361253140826e-07,2.1,1.46294488986919e-07
1643,"Listeria welshimeri",2,1.36361253140826e-07,2,1.36361346112846e-07
1852371,"Raoultibacter massiliensis",2,1.36361253140826e-07,2,1.36943465169293e-07
1326,"Streptococcus acidominimus",2,1.36361253140826e-07,2,1.36367743601189e-07
655813,"Streptococcus oralis",2,1.36361253140826e-07,2,1.36741861867008e-07
2811778,"Fenollaria sporofastidiosus",2,1.36361253140826e-07,2.8,1.92244525662025e-07
360107,"Campylobacter hominis",1,6.81806265704129e-08,1,6.84949902124753e-08
418459,"Puccinia graminis",1,6.81806265704129e-08,1,6.81806730564228e-08
502780,"Paracoccidioides brasiliensis",1,6.81806265704129e-08,1.1,7.53972055647031e-08
762948,"Rothia dentocariosa",1,6.81806265704129e-08,1,6.81806730564228e-08
5888,"Paramecium tetraurelia",1,6.81806265704129e-08,1,6.81806730564228e-08
1045854,"Weissella koreensis",1,6.81806265704129e-08,1.1,7.5129466984425e-08
1163745,"Helicobacter cetorum",1,6.81806265704129e-08,1,6.81811894632461e-08
938289,"Levyella massiliensis",1,6.81806265704129e-08,1,6.82502407696482e-08
1158607,"Enterococcus pallens",1,6.81806265704129e-08,1,6.81806730564228e-08
1123279,"Spongiibacter tropicus",1,6.81806265704129e-08,1,6.81806730564228e-08
1122978,"Segatella albensis",1,6.81806265704129e-08,1,6.81806730564228e-08
1156431,"Streptococcus ilei",1,6.81806265704129e-08,1,6.96363607960001e-08
1301100,"Faecalimicrobium dakarense",1,6.81806265704129e-08,1,6.81806766648452e-08
1414720,"Clostridium saudiense",1,6.81806265704129e-08,0.3,2.28948394849817e-08
1182542,"Capronia epimyces",1,6.81806265704129e-08,1,6.81806731310443e-08
1501230,"Paenibacillus tyrfis",1,6.81806265704129e-08,1,6.99058170174173e-08
1437608,"Bifidobacterium biavatii",1,6.81806265704129e-08,1,6.82145938286215e-08
230356,"Methanolacinia paynteri",1,6.81806265704129e-08,0.1,7.57563033960253e-09
633415,"Aeromonas sanarellii",1,6.81806265704129e-08,1,6.82319027810836e-08
91928,"Exophiala spinifera",1,6.81806265704129e-08,1,6.81806730858383e-08
579748,"Vibrio galatheae",1,6.81806265704129e-08,1,6.81806730564228e-08
1194083,"Nostocoides japonicum",1,6.81806265704129e-08,1,6.82569162295084e-08
1509407,"Aspergillus nomiae",1,6.81806265704129e-08,1.3,8.62465017390552e-08
28037,"Streptococcus mitis",1,6.81806265704129e-08,1,6.89058928786996e-08
313367,"Jannaschia seosinensis",1,6.81806265704129e-08,0.1,7.57563033960253e-09
1329411,"Bifidobacterium aesculapii",1,6.81806265704129e-08,1,6.93664170303771e-08
1423806,"Liquorilactobacillus sucicola",1,6.81806265704129e-08,1,6.81806730564228e-08
2049356,"Monocercomonoides exilis",1,6.81806265704129e-08,1,6.81806730564228e-08
73098,"Kluyvera georgiana",1,6.81806265704129e-08,1.3,8.56955726395738e-08
1480615,"Hoeflea olei",1,6.81806265704129e-08,1,6.82145764733235e-08
1856638,"Streptococcus bovimastitidis",1,6.81806265704129e-08,1,6.88996280579947e-08
1122984,"Prevotella intermedia",1,6.81806265704129e-08,1,6.81806731241863e-08
1265311,"Mycobacterium arosiense",1,6.81806265704129e-08,1,6.81806730564228e-08
2020949,"Romboutsia weinsteinii",1,6.81806265704129e-08,1,6.81806748107024e-08
929813,"Gibbsiella quercinecans",1,6.81806265704129e-08,1,6.81806731632557e-08
1122154,"Pseudolactococcus chungangensis",1,6.81806265704129e-08,1,7.01244818339724e-08
2070688,"Rubneribacter badeniensis",1,6.81806265704129e-08,1.1,7.59801141532746e-08
1037377,"Chryseobacterium viscerum",1,6.81806265704129e-08,1,6.81806730564228e-08
61647,"Pluralibacter gergoviae",1,6.81806265704129e-08,1.5,1.04641901927423e-07
215250,"Acaromyces ingoldii",1,6.81806265704129e-08,1,6.81806730564228e-08
1448321,"Aspergillus heteromorphus",1,6.81806265704129e-08,1.2,7.98693581884721e-08
2792979,"Gardnerella swidsinskii",1,6.81806265704129e-08,1,7.11565676380616e-08
2316722,"Corallococcus aberystwythensis",1,6.81806265704129e-08,1,6.82837225489573e-08
2707003,"Streptococcus chosunensis",1,6.81806265704129e-08,1,6.86175470031375e-08
1433513,"Streptococcus gwangjuensis",1,6.81806265704129e-08,1.1,7.68486925188248e-08
105984,"Apiotrichum porosum",1,6.81806265704129e-08,1,6.81806730564228e-08
2485123,"Photobacterium chitinilyticum",1,6.81806265704129e-08,1,6.82513049960352e-08
2548455,"Clostridium cuniculi",1,6.81806265704129e-08,1.2,8.44423965715505e-08
2546350,"Citrobacter arsenatis",1,6.81806265704129e-08,1.2,8.17905475109276e-08
2547833,"Palleronia sediminis",1,6.81806265704129e-08,1.1,7.20714349024038e-08
2528639,"Mariprofundus erugo",1,6.81806265704129e-08,1,6.82174441580348e-08
1252,"Leuconostoc carnosum",1,6.81806265704129e-08,1,6.96682492562551e-08
1296540,"Paucilactobacillus nenjiangensis",1,6.81806265704129e-08,1.4,9.73882809764529e-08
2026654,"Flavobacterium luteum",1,6.81806265704129e-08,1,6.81806730564228e-08
1798158,"Bifidobacterium ramosum",1,6.81806265704129e-08,1,6.81806730564228e-08
2584183,"Companilactobacillus halodurans",1,6.81806265704129e-08,1.4,9.77444543096188e-08
2585199,"Nocardia aurantia",1,6.81806265704129e-08,1,6.81806730564228e-08
2606626,"Sodaliphilus pleomorphus",1,6.81806265704129e-08,1,6.8184273389529e-08
2606615,"Enorma shizhengliae",1,6.81806265704129e-08,1.8,1.19692290903545e-07
2601869,"Litoreibacter roseus",1,6.81806265704129e-08,0.1,7.57563033960253e-09
2607663,"Yersinia canariae",1,6.81806265704129e-08,1,6.82055894754959e-08
1155073,"Enterococcus diestrammenae",1,6.81806265704129e-08,1,6.79125793276372e-08
411903,"Collinsella aerofaciens",1,6.81806265704129e-08,1,7.14698209143755e-08
2686210,"Streptococcus ruminicola",1,6.81806265704129e-08,1.3,9.19012131394536e-08
2726362,"Faecalicatena faecalis",1,6.81806265704129e-08,1.5,1.02471921365893e-07
2722820,"Actinomyces faecalis",1,6.81806265704129e-08,1,6.81836588346116e-08
1485586,"Streptomyces calidiresistens",1,6.81806265704129e-08,1,6.81850500552666e-08
529731,"Listeria marthii",1,6.81806265704129e-08,1,6.86388665624586e-08
2713603,"Listeria cossartiae",1,6.81806265704129e-08,1,6.86421695341964e-08
2713500,"Listeria farberi",1,6.81806265704129e-08,1.2,8.13963300531639e-08
2763036,"Clostridium hominis",1,6.81806265704129e-08,0.3,2.28948394849817e-08
2763013,"Agathobaculum faecis",1,6.81806265704129e-08,1.1,7.32904975382883e-08
2713502,"Listeria immobilis",1,6.81806265704129e-08,1,6.82937109922343e-08
2763662,"Yeguia hominis",1,6.81806265704129e-08,1.2,8.09652921123426e-08
1756020,"Flavobacterium orientale",1,6.81806265704129e-08,1,6.81806730564228e-08
1795310,"Paracoccus acridae",1,6.81806265704129e-08,1,6.81806730564228e-08
67324,"Streptomyces massasporeus",1,6.81806265704129e-08,1.1,7.17894021435727e-08
67303,"Streptomyces griseoloalbus",1,6.81806265704129e-08,1.3,8.8523774736266e-08
68183,"Streptomyces capoamus",1,6.81806265704129e-08,1,6.84331285238271e-08
68272,"Streptomyces sulfonofaciens",1,6.81806265704129e-08,1,6.81814081221013e-08
40518,"Ruminococcus bromii",1,6.81806265704129e-08,1,6.81854883207765e-08
2779354,"Gemmiger gallinarum",1,6.81806265704129e-08,1,6.85404522648794e-08
2779351,"Claveliimonas monacensis",1,6.81806265704129e-08,1.4,9.78540827527359e-08
1646340,"Kosakonia pseudosacchari",1,6.81806265704129e-08,1.1,7.71738539617022e-08
2784388,"Clostridium vitabionis",1,6.81806265704129e-08,1,7.08010286930173e-08
33968,"Leuconostoc pseudomesenteroides",1,6.81806265704129e-08,1,6.83203775016142e-08
2765363,"Corynebacterium meridianum",1,6.81806265704129e-08,1,6.81806730564228e-08
2020965,"Bifidobacterium imperatoris",1,6.81806265704129e-08,1,6.81871439808934e-08
225991,"Comamonas aquatica",1,6.81806265704129e-08,1,6.82129481590603e-08
1236518,"Prevotella scopos",1,6.81806265704129e-08,1,6.84287510238091e-08
2697499,"Dietzia massiliensis",1,6.81806265704129e-08,1,6.82429890741884e-08
548,"Klebsiella aerogenes",1,6.81806265704129e-08,1.1,7.27951019289202e-08
2864872,"Shewanella nanhaiensis",1,6.81806265704129e-08,1.2,8.10602327125863e-08
69218,"Enterobacter cancerogenus",1,6.81806265704129e-08,1.1,7.35897125519225e-08
1463165,"Klebsiella quasipneumoniae",1,6.81806265704129e-08,1,6.86694001821788e-08
932217,"Anaerosalibacter bizertensis",1,6.81806265704129e-08,1,6.81806730564228e-08
101201,"Trichoderma asperellum",1,6.81806265704129e-08,1,6.81806730564228e-08
2885356,"Hominilimicola fabiformis",1,6.81806265704129e-08,1.5,1.05269854882178e-07
143232,"Vanrija pseudolonga",1,6.81806265704129e-08,1,6.82225752534768e-08
2778550,"Pectobacterium parvum",1,6.81806265704129e-08,1,6.81806730564228e-08
2897706,"Acidaminococcus hominis",1,6.81806265704129e-08,1,6.9763903718748e-08
2896850,"Phocaeicola oris",1,6.81806265704129e-08,1,6.8180673398333e-08
65700,"Erwinia tracheiphila",1,6.81806265704129e-08,1,6.81806732509728e-08
36834,"Clostridium celatum",1,6.81806265704129e-08,0.3,2.28948394849817e-08
2740518,"Pseudomonas faucium",1,6.81806265704129e-08,1,6.81886564382271e-08
2913614,"Prevotella communis",1,6.81806265704129e-08,1,6.81806730564228e-08
515560,"Shewanella electrica",1,6.81806265704129e-08,1,6.93694630759307e-08
2867964,"Croceicoccus hydrothermalis",1,6.81806265704129e-08,1.3,8.88145241112329e-08
51288,"Kluyvera ascorbata",1,6.81806265704129e-08,1,6.91351465802882e-08
663,"Vibrio alginolyticus",1,6.81806265704129e-08,1,6.82427030140715e-08
504936,"Periweissella beninensis",1,6.81806265704129e-08,1.2,8.43373448656439e-08
181014,"Alternaria ethzedia",1,6.81806265704129e-08,1,6.82851001647315e-08
45303,"Alternaria infectoria",1,6.81806265704129e-08,1,6.81826109581324e-08
221027,"Treponema putidum",1,6.81806265704129e-08,1,6.91106558555166e-08
1601,"Ligilactobacillus agilis",1,6.81806265704129e-08,1,6.81806730564228e-08
2981788,"Dorea ammoniilytica",1,6.81806265704129e-08,1,7.03826204149521e-08
2994643,"Alcaligenes nematophilus",1,6.81806265704129e-08,1,6.81806730564228e-08
3002864,"Methanocorpusculum vombati",1,6.81806265704129e-08,1,6.81807472577378e-08
3016083,"Phocaeicola acetigenes",1,6.81806265704129e-08,1,6.81863475238203e-08
1561947,"Penicillium longicatenatum",1,6.81806265704129e-08,1,6.99671593608008e-08
2977629,"Arthrobacter vasquezii",1,6.81806265704129e-08,1,6.81806730564228e-08
688661,"Lichtheimia ornata",1,6.81806265704129e-08,1.5,1.0121652112447e-07
3058044,"Nocardioides cremeus",1,6.81806265704129e-08,1,6.81809317634898e-08
3063998,"Helicobacter cappadocius",1,6.81806265704129e-08,1,6.81807345363794e-08
507751,"Peptoniphilus koenoeneniae",1,6.81806265704129e-08,1,7.01981993575541e-08
279322,"Cutaneotrichosporon cavernicola",1,6.81806265704129e-08,1,6.83689369307106e-08
3028084,"Streptococcus iners",1,6.81806265704129e-08,1,6.89622851983355e-08
1630542,"Alkalihalophilus lindianensis",1,6.81806265704129e-08,1,6.81806730564228e-08
3044578,"Clostridium lamae",1,6.81806265704129e-08,1,6.81808214737775e-08
3081441,"Lacticaseibacillus salsurivasis",1,6.81806265704129e-08,1,6.86044785849728e-08
78448,"Bifidobacterium pullorum",1,6.81806265704129e-08,1,6.81806730564228e-08
84031,"Clostridium sartagoforme",1,6.81806265704129e-08,1,6.81831260378235e-08
398758,"Alkalibacterium indicireducens",1,6.81806265704129e-08,1,6.82811916000321e-08
258052,"Kitasatospora arboriphila",1,6.81806265704129e-08,1.1,7.52119724470015e-08
1053547,"Gordonia alkaliphila",1,6.81806265704129e-08,1,6.81806774095543e-08
427369,"Streptomonospora halophila",1,6.81806265704129e-08,1,6.81841985794365e-08
3112843,"Pseudocitrobacter cyperus",1,6.81806265704129e-08,1,7.06894271488977e-08
3152360,"Devosia alba",1,6.81806265704129e-08,1,6.81807416734112e-08
3133174,"Peptoniphilus hominis (ex Hitch et al. 2025)",1,6.81806265704129e-08,1.2,8.29776302076473e-08
3133091,"unknown genome; accession ID isNZ_JBBMER010000005.1",1,6.81806265704129e-08,1,6.81807046602345e-08
3095082,"Streptococcus fermentans",1,6.81806265704129e-08,1.3,9.05159188646748e-08
40519,"Ruminococcus callidus",1,6.81806265704129e-08,1.1,7.55610665109525e-08
3137470,"Porphyromonas miyakawae",1,6.81806265704129e-08,1,6.81806730564228e-08
1587,"Lactobacillus helveticus",1,6.81806265704129e-08,1.1,7.19899852229103e-08
3145239,"Finegoldia dalianensis",1,6.81806265704129e-08,1,6.85325074877652e-08
210207,"Aspergillus foveolatus",1,6.81806265704129e-08,1,6.818233258275e-08
1227346,"Fusarium proliferatum",1,6.81806265704129e-08,0.1,7.57563033960253e-09
1816678,"Christensenella timonensis",1,6.81806265704129e-08,1,6.98798434972818e-08
1792290,"Marinomonas spartinae",1,6.81806265704129e-08,0.1,7.57563033960253e-09
1852370,"Prevotellamassilia timonensis",1,6.81806265704129e-08,1,6.88037094404657e-08
1122155,"Lactonifactor longoviformis",1,6.81806265704129e-08,1.3,8.62165707266082e-08
1852384,"Massiliimalia massiliensis",1,6.81806265704129e-08,1,6.82793063728349e-08
1208188,"Mesorhizobium carmichaelinearum",1,6.81806265704129e-08,1,6.81806730564228e-08
2045012,"Clostridium minihomine",1,6.81806265704129e-08,0.1,7.57563033960253e-09
113107,"Streptococcus australis",1,6.81806265704129e-08,1,6.96853427176296e-08
35818,"Helicobacter pullorum",1,6.81806265704129e-08,1,6.81807589026597e-08
2094049,"Actinomadura roseirufa",1,6.81806265704129e-08,0.1,7.57563033960253e-09
2584084,"Methylobacterium symbioticum",1,6.81806265704129e-08,0.1,7.57563033960253e-09
2508295,"Pandoraea anhela",1,6.81806265704129e-08,0.1,7.57563033960253e-09
2941517,"Hominisplanchenecus murintestinalis",1,6.81806265704129e-08,1,6.83822486743108e-08
2565572,"Parasutterella muris",1,6.81806265704129e-08,1,6.81882202713221e-08
2941515,"Otoolea muris",1,6.81806265704129e-08,1,6.81806730570892e-08
2941233,"Acetatifactor aquisgranensis",1,6.81806265704129e-08,1,7.09259874283223e-08
2488306,"Pseudocitrobacter vendiensis",1,6.81806265704129e-08,1.1,7.31555776733884e-08
2954240,"Streptococcus bouchesdurhonensis",1,6.81806265704129e-08,1.1,7.74545113812384e-08
