rank	sample	Weighted UniFrac error	Unweighted UniFrac error	L1 norm error	Completeness	Purity	F1 score	True positives	False positives	False negatives	Taxon counts	Jaccard index	Shannon diversity	Shannon equitability	Bray-Curtis distance	Weighted UniFrac error (unfiltered)	Unweighted UniFrac error (unfiltered)	L1 norm error (unfiltered)	Completeness (unfiltered)	Purity (unfiltered)	F1 score (unfiltered)	True positives (unfiltered)	False positives (unfiltered)	False negatives (unfiltered)	Taxon counts (unfiltered)	Jaccard index (unfiltered)	Shannon diversity (unfiltered)	Shannon equitability (unfiltered)	Bray-Curtis distance (unfiltered)
cellular root	0	0.013278994573412691	0.5438577786817707	0.0	1.0	1.0	1.0	1.0	0.0	0.0	1.0	1.0	0.0	0.0	0.0	0.013497026808531723	7.076906767218604	0.0	1.0	1.0	1.0	1.0	0.0	0.0	1.0	1.0	0.0	0.0	0.0
cellular root	8	0.013278994573412691	0.5438577786817707	0.0	1.0	1.0	1.0	1.0	0.0	0.0	1.0	1.0	0.0	0.0	0.0	0.013497026808531723	7.076906767218604	0.0	1.0	1.0	1.0	1.0	0.0	0.0	1.0	1.0	0.0	0.0	0.0
cellular root	7	0.013278994573412691	0.5438577786817707	0.0	1.0	1.0	1.0	1.0	0.0	0.0	1.0	1.0	0.0	0.0	0.0	0.013497026808531723	7.076906767218604	0.0	1.0	1.0	1.0	1.0	0.0	0.0	1.0	1.0	0.0	0.0	0.0
cellular root	6	0.013278994573412691	0.5438577786817707	0.0	1.0	1.0	1.0	1.0	0.0	0.0	1.0	1.0	0.0	0.0	0.0	0.013497026808531723	7.076906767218604	0.0	1.0	1.0	1.0	1.0	0.0	0.0	1.0	1.0	0.0	0.0	0.0
cellular root	5	0.013278994573412691	0.5438577786817707	0.0	1.0	1.0	1.0	1.0	0.0	0.0	1.0	1.0	0.0	0.0	0.0	0.013497026808531723	7.076906767218604	0.0	1.0	1.0	1.0	1.0	0.0	0.0	1.0	1.0	0.0	0.0	0.0
cellular root	4	0.013278994573412691	0.5438577786817707	0.0	1.0	1.0	1.0	1.0	0.0	0.0	1.0	1.0	0.0	0.0	0.0	0.013497026808531723	7.076906767218604	0.0	1.0	1.0	1.0	1.0	0.0	0.0	1.0	1.0	0.0	0.0	0.0
cellular root	3	0.013278994573412691	0.5438577786817707	0.0	1.0	1.0	1.0	1.0	0.0	0.0	1.0	1.0	0.0	0.0	0.0	0.013497026808531723	7.076906767218604	0.0	1.0	1.0	1.0	1.0	0.0	0.0	1.0	1.0	0.0	0.0	0.0
cellular root	2	0.013278994573412691	0.5438577786817707	0.0	1.0	1.0	1.0	1.0	0.0	0.0	1.0	1.0	0.0	0.0	0.0	0.013497026808531723	7.076906767218604	0.0	1.0	1.0	1.0	1.0	0.0	0.0	1.0	1.0	0.0	0.0	0.0
cellular root	19	0.013278994573412691	0.5438577786817707	9.999999974752426e-09	1.0	1.0	1.0	1.0	0.0	0.0	1.0	1.0	9.99999988922529e-09	0.0	5.0000000123762136e-09	0.013497026808531723	7.076906767218604	9.999999974752426e-09	1.0	1.0	1.0	1.0	0.0	0.0	1.0	1.0	9.99999988922529e-09	0.0	5.0000000123762136e-09
cellular root	18	0.013278994573412691	0.5438577786817707	0.0	1.0	1.0	1.0	1.0	0.0	0.0	1.0	1.0	0.0	0.0	0.0	0.013497026808531723	7.076906767218604	0.0	1.0	1.0	1.0	1.0	0.0	0.0	1.0	1.0	0.0	0.0	0.0
cellular root	9	0.013278994573412691	0.5438577786817707	0.0	1.0	1.0	1.0	1.0	0.0	0.0	1.0	1.0	0.0	0.0	0.0	0.013497026808531723	7.076906767218604	0.0	1.0	1.0	1.0	1.0	0.0	0.0	1.0	1.0	0.0	0.0	0.0
cellular root	16	0.013278994573412691	0.5438577786817707	0.0	1.0	1.0	1.0	1.0	0.0	0.0	1.0	1.0	0.0	0.0	0.0	0.013497026808531723	7.076906767218604	0.0	1.0	1.0	1.0	1.0	0.0	0.0	1.0	1.0	0.0	0.0	0.0
cellular root	15	0.013278994573412691	0.5438577786817707	0.0	1.0	1.0	1.0	1.0	0.0	0.0	1.0	1.0	0.0	0.0	0.0	0.013497026808531723	7.076906767218604	0.0	1.0	1.0	1.0	1.0	0.0	0.0	1.0	1.0	0.0	0.0	0.0
cellular root	14	0.013278994573412691	0.5438577786817707	0.0	1.0	1.0	1.0	1.0	0.0	0.0	1.0	1.0	0.0	0.0	0.0	0.013497026808531723	7.076906767218604	0.0	1.0	1.0	1.0	1.0	0.0	0.0	1.0	1.0	0.0	0.0	0.0
cellular root	13	0.013278994573412691	0.5438577786817707	0.0	1.0	1.0	1.0	1.0	0.0	0.0	1.0	1.0	0.0	0.0	0.0	0.013497026808531723	7.076906767218604	0.0	1.0	1.0	1.0	1.0	0.0	0.0	1.0	1.0	0.0	0.0	0.0
cellular root	12	0.013278994573412691	0.5438577786817707	0.0	1.0	1.0	1.0	1.0	0.0	0.0	1.0	1.0	0.0	0.0	0.0	0.013497026808531723	7.076906767218604	0.0	1.0	1.0	1.0	1.0	0.0	0.0	1.0	1.0	0.0	0.0	0.0
cellular root	11	0.013278994573412691	0.5438577786817707	0.0	1.0	1.0	1.0	1.0	0.0	0.0	1.0	1.0	0.0	0.0	0.0	0.013497026808531723	7.076906767218604	0.0	1.0	1.0	1.0	1.0	0.0	0.0	1.0	1.0	0.0	0.0	0.0
cellular root	10	0.013278994573412691	0.5438577786817707	0.0	1.0	1.0	1.0	1.0	0.0	0.0	1.0	1.0	0.0	0.0	0.0	0.013497026808531723	7.076906767218604	0.0	1.0	1.0	1.0	1.0	0.0	0.0	1.0	1.0	0.0	0.0	0.0
cellular root	1	0.013278994573412691	0.5438577786817707	0.0	1.0	1.0	1.0	1.0	0.0	0.0	1.0	1.0	0.0	0.0	0.0	0.013497026808531723	7.076906767218604	0.0	1.0	1.0	1.0	1.0	0.0	0.0	1.0	1.0	0.0	0.0	0.0
cellular root	17	0.013278994573412691	0.5438577786817707	0.0	1.0	1.0	1.0	1.0	0.0	0.0	1.0	1.0	0.0	0.0	0.0	0.013497026808531723	7.076906767218604	0.0	1.0	1.0	1.0	1.0	0.0	0.0	1.0	1.0	0.0	0.0	0.0
domain	15	0.013278994573412691	0.5438577786817707	0.02404025000000008	0.5	1.0	0.6666666666666666	1.0	0.0	1.0	1.0	0.5	0.023748939336550225	0.0	0.012166366243037127	0.013497026808531723	7.076906767218604	0.008082490000000076	1.0	0.6666666666666666	0.8	2.0	1.0	0.0	3.0	0.6666666666666666	0.11339892877346434	0.10322015322707	0.0040412450202062635
domain	14	0.013278994573412691	0.5438577786817707	0.03182116999999995	0.5	1.0	0.6666666666666666	1.0	0.0	1.0	1.0	0.5	0.00814330823331987	0.0	0.015975901113751953	0.013497026808531723	7.076906767218604	0.023646339999999943	1.0	0.6666666666666666	0.8	2.0	1.0	0.0	3.0	0.6666666666666666	0.047454681516597104	0.04319511260349022	0.011823170118231674
domain	10	0.013278994573412691	0.5438577786817707	0.024001719999999976	0.5	1.0	0.6666666666666666	1.0	0.0	1.0	1.0	0.5	0.023711346162440708	0.0	0.012146630006175906	0.013497026808531723	7.076906767218604	0.008003429999999978	1.0	0.6666666666666666	0.8	2.0	1.0	0.0	3.0	0.6666666666666666	0.1132518744197517	0.10308629858587448	0.004001715020008564
domain	12	0.013278994573412691	0.5438577786817707	0.02172712000000004	0.5	1.0	0.6666666666666666	1.0	0.0	1.0	1.0	0.5	0.021489357866517234	0.0	0.010982873100904077	0.013497026808531723	7.076906767218604	0.0034542300000000425	1.0	0.6666666666666666	0.8	2.0	1.0	0.0	3.0	0.6666666666666666	0.10470398882910406	0.0953056778165487	0.0017271150086355963
domain	11	0.013278994573412691	0.5438577786817707	0.020446369999999946	0.5	1.0	0.6666666666666666	1.0	0.0	1.0	1.0	0.5	0.02023786229843031	0.0	0.010328798879369317	0.013497026808531723	7.076906767218604	0.0008947199999999445	1.0	0.6666666666666666	0.8	2.0	1.0	0.0	3.0	0.6666666666666666	0.09980575693282784	0.09084711500344332	0.0004473604518340286
domain	16	0.013278994573412691	0.5438577786817707	0.031506179999999946	0.5	1.0	0.6666666666666666	1.0	0.0	1.0	1.0	0.5	0.008457644943862893	0.0	0.015820277293841962	0.013497026808531723	7.076906767218604	0.02301496999999994	1.0	0.6666666666666666	0.8	2.0	1.0	0.0	3.0	0.6666666666666666	0.048972398223223704	0.04457659788476864	0.011507485057537396
domain	13	0.013278994573412691	0.5438577786817707	0.020469829999999974	0.5	1.0	0.6666666666666666	1.0	0.0	1.0	1.0	0.5	0.020258878692622235	0.0	0.010340751714837454	0.013497026808531723	7.076906767218604	0.0009396399999999742	1.0	0.6666666666666666	0.8	2.0	1.0	0.0	3.0	0.6666666666666666	0.09988307315212414	0.09091749125910129	0.00046982000469818723
domain	17	0.013278994573412691	0.5438577786817707	0.02308679999999999	0.5	1.0	0.6666666666666666	1.0	0.0	1.0	1.0	0.5	0.016769358589207174	0.0	0.011641862213859936	0.013497026808531723	7.076906767218604	0.006179969999999988	1.0	0.6666666666666666	0.8	2.0	1.0	0.0	3.0	0.6666666666666666	0.08579990929184546	0.0780984430784622	0.00308998810543804
domain	4	0.013278994573412691	0.5438577786817707	0.020123780000000018	0.5	1.0	0.6666666666666666	1.0	0.0	1.0	1.0	0.5	0.01991992466264228	0.0	0.010164160666569355	0.013497026808531723	7.076906767218604	0.00024955000000001585	1.0	0.6666666666666666	0.8	2.0	1.0	0.0	3.0	0.6666666666666666	0.09853261344558173	0.08968824986022743	0.00012477500062388293
domain	19	0.013278994573412691	0.5438577786817707	0.02068169999999995	0.5	1.0	0.6666666666666666	1.0	0.0	1.0	1.0	0.5	0.019130488312271057	0.0	0.010441708024060579	0.013497026808531723	7.076906767218604	0.0013661199999999486	1.0	0.6666666666666666	0.8	2.0	1.0	0.0	3.0	0.6666666666666666	0.09538827893785466	0.08682615324965787	0.0006830600068305743
domain	2	0.013278994573412691	0.5438577786817707	0.020680689999999977	0.5	1.0	0.6666666666666666	1.0	0.0	1.0	1.0	0.5	0.020465354938187835	0.0	0.010448384904606412	0.013497026808531723	7.076906767218604	0.0013633699999999766	1.0	0.6666666666666666	0.8	2.0	1.0	0.0	3.0	0.6666666666666666	0.10069439564344818	0.09165598881614904	0.0006816850034084133
domain	3	0.013278994573412691	0.5438577786817707	0.02328013999999996	0.5	1.0	0.6666666666666666	1.0	0.0	1.0	1.0	0.5	0.02300702987980129	0.0	0.011777156931078721	0.013497026808531723	7.076906767218604	0.00656026999999996	1.0	0.6666666666666666	0.8	2.0	1.0	0.0	3.0	0.6666666666666666	0.11055883794519106	0.10063499114799254	0.003280135016400655
domain	5	0.013278994573412691	0.5438577786817707	0.023010479999999944	0.5	1.0	0.6666666666666666	1.0	0.0	1.0	1.0	0.5	0.0227436846083306	0.0	0.0116391512282776	0.013497026808531723	7.076906767218604	0.006020949999999945	1.0	0.6666666666666666	0.8	2.0	1.0	0.0	3.0	0.6666666666666666	0.10955893244389871	0.09972483793779628	0.0030104750150523473
domain	6	0.013278994573412691	0.5438577786817707	0.02338290999999995	0.5	1.0	0.6666666666666666	1.0	0.0	1.0	1.0	0.5	0.023107373684144335	0.0	0.011829762131622543	0.013497026808531723	7.076906767218604	0.006763799999999946	1.0	0.6666666666666666	0.8	2.0	1.0	0.0	3.0	0.6666666666666666	0.11095202996534378	0.1009928899483322	0.003381900033818973
domain	7	0.013278994573412691	0.5438577786817707	0.021129360000000017	0.5	1.0	0.6666666666666666	1.0	0.0	1.0	1.0	0.5	0.02090258875919056	0.0	0.010677462620876287	0.013497026808531723	7.076906767218604	0.0022547100000000105	1.0	0.6666666666666666	0.8	2.0	1.0	0.0	3.0	0.6666666666666666	0.10240618074687657	0.09321412276484504	0.0011273538782828965
domain	9	0.013278994573412691	0.5438577786817707	0.02114540000000005	0.5	1.0	0.6666666666666666	1.0	0.0	1.0	1.0	0.5	0.020920243371544158	0.0	0.010685676451417932	0.013497026808531723	7.076906767218604	0.00229079000000005	1.0	0.6666666666666666	0.8	2.0	1.0	0.0	3.0	0.6666666666666666	0.10248647511738776	0.09328720985056164	0.0011453950057269998
domain	1	0.013278994573412691	0.5438577786817707	0.021090780000000076	0.5	1.0	0.6666666666666666	1.0	0.0	1.0	1.0	0.5	0.02086483182609741	0.0	0.010657758908700441	0.013497026808531723	7.076906767218604	0.002177550000000074	1.0	0.6666666666666666	0.8	2.0	1.0	0.0	3.0	0.6666666666666666	0.10233140032173091	0.09314605468849363	0.0010887739166699898
domain	18	0.013278994573412691	0.5438577786817707	0.021501750000000014	0.5	1.0	0.6666666666666666	1.0	0.0	1.0	1.0	0.5	0.021268912527940942	0.0	0.010867712417739067	0.013497026808531723	7.076906767218604	0.003001480000000009	1.0	0.6666666666666666	0.8	2.0	1.0	0.0	3.0	0.6666666666666666	0.10385212090814744	0.09453027421898892	0.0015007400150074048
domain	0	0.013278994573412691	0.5438577786817707	0.022490879999999974	0.5	1.0	0.6666666666666666	1.0	0.0	1.0	1.0	0.5	0.022236042413535582	0.0	0.011373338192240536	0.013497026808531723	7.076906767218604	0.004979739999999968	1.0	0.6666666666666666	0.8	2.0	1.0	0.0	3.0	0.6666666666666666	0.10763643889533335	0.09797490889695507	0.002489870024898684
domain	8	0.013278994573412691	0.5438577786817707	0.023240600000000028	0.5	1.0	0.6666666666666666	1.0	0.0	1.0	1.0	0.5	0.01662013625336337	0.0	0.011718521128543125	0.013497026808531723	7.076906767218604	0.006482640000000028	1.0	0.6666666666666666	0.8	2.0	1.0	0.0	3.0	0.6666666666666666	0.08516944476128102	0.07752456953174558	0.003241323273736521
kingdom	9	0.013278994573412691	0.5438577786817707	0.07758834000000003	0.4	1.0	0.5714285714285715	2.0	0.0	3.0	2.0	0.4	0.6790536266809439	0.9796672997102633	0.03920965511037713	0.013497026808531723	7.076906767218604	0.058714720000000026	0.8	0.6666666666666666	0.7272727272727272	4.0	2.0	1.0	6.0	0.5714285714285714	0.7609502489172906	0.4246944201975566	0.029358132412463787
kingdom	1	0.013278994573412691	0.5438577786817707	0.024026839999999973	0.4	1.0	0.5714285714285715	2.0	0.0	3.0	2.0	0.4	0.6241269420131625	0.9004248441275833	0.012153208390484853	0.013497026808531723	7.076906767218604	0.0032682699999999755	0.8	0.6666666666666666	0.7272727272727272	4.0	2.0	1.0	6.0	0.5714285714285714	0.7174552101768626	0.4004193768742656	0.0016341766143074712
kingdom	10	0.013278994573412691	0.5438577786817707	0.09959018999999991	0.3333333333333333	1.0	0.5	2.0	0.0	4.0	2.0	0.3333333333333333	0.6282123491353395	0.9063188407227605	0.050405457966875615	0.013497026808531723	7.076906767218604	0.08346291999999991	0.8333333333333334	0.8333333333333334	0.8333333333333334	5.0	1.0	1.0	6.0	0.7142857142857143	0.7195619799283927	0.4015951874602912	0.04173261599346297
kingdom	11	0.013278994573412691	0.5438577786817707	0.09088303000000003	0.4	1.0	0.5714285714285715	2.0	0.0	3.0	2.0	0.4	0.6948901517412049	1.0025145758796157	0.04601231781788918	0.013497026808531723	7.076906767218604	0.06704966000000004	0.8	0.6666666666666666	0.7272727272727272	4.0	2.0	1.0	6.0	0.5714285714285714	0.7980285013630004	0.44538818690145704	0.0335256721648848
kingdom	12	0.013278994573412691	0.5438577786817707	0.08004733999999993	0.4	1.0	0.5714285714285715	2.0	0.0	3.0	2.0	0.4	0.6337992634065888	0.9143790542357635	0.04046374192266572	0.013497026808531723	7.076906767218604	0.06176285999999992	0.8	0.6666666666666666	0.7272727272727272	4.0	2.0	1.0	6.0	0.5714285714285714	0.717135831905278	0.4002411284670046	0.030882231393904634
kingdom	13	0.013278994573412691	0.5438577786817707	0.06663365	0.4	1.0	0.5714285714285715	2.0	0.0	3.0	2.0	0.4	0.686534152427674	0.9904594171083131	0.03385479650589066	0.013497026808531723	7.076906767218604	0.03632049	0.8	0.6666666666666666	0.7272727272727272	4.0	2.0	1.0	6.0	0.5714285714285714	0.8166981360393031	0.45580790840813123	0.018160737791619974
kingdom	14	0.013278994573412691	0.5438577786817707	0.1889848299999999	0.5	1.0	0.6666666666666666	2.0	0.0	2.0	2.0	0.5	0.29986244138421403	0.4326100571338631	0.09488020034121554	0.013497026808531723	7.076906767218604	0.1808432799999999	0.75	0.5	0.6	3.0	3.0	1.0	6.0	0.42857142857142855	0.33905401782506145	0.1892296503230628	0.09042299453645812
kingdom	15	0.013278994573412691	0.5438577786817707	0.14901620000000013	0.4	1.0	0.5714285714285715	2.0	0.0	3.0	2.0	0.4	0.6350471794841599	0.9161794165723209	0.07541829779385281	0.013497026808531723	7.076906767218604	0.1330117300000001	0.8	0.6666666666666666	0.7272727272727272	4.0	2.0	1.0	6.0	0.5714285714285714	0.7254144675152222	0.4048615229742601	0.0665079197621811
kingdom	16	0.013278994573412691	0.5438577786817707	0.19840972000000007	0.4	1.0	0.5714285714285715	2.0	0.0	3.0	2.0	0.4	0.3091551481810421	0.4460165991460821	0.09963072655914076	0.013497026808531723	7.076906767218604	0.18989494000000007	0.8	0.6666666666666666	0.7272727272727272	4.0	2.0	1.0	6.0	0.5714285714285714	0.35009235516697035	0.1953902636930396	0.09494895879967401
kingdom	17	0.013278994573412691	0.5438577786817707	0.023769969999999977	0.5	1.0	0.6666666666666666	2.0	0.0	2.0	2.0	0.5	0.417939268642058	0.6029589102626574	0.01198656532766779	0.013497026808531723	7.076906767218604	0.0069474099999999725	0.75	0.5	0.6	3.0	3.0	1.0	6.0	0.42857142857142855	0.4871764090103819	0.27189833087377097	0.0034737961697804626
kingdom	18	0.013278994573412691	0.5438577786817707	0.032188560000000074	0.4	1.0	0.5714285714285715	2.0	0.0	3.0	2.0	0.4	0.5672151342572302	0.8183184613100737	0.016270540720085613	0.013497026808531723	7.076906767218604	0.013648100000000074	0.8	0.6666666666666666	0.7272727272727272	4.0	2.0	1.0	6.0	0.5714285714285714	0.6510989907326716	0.3633852656646961	0.006824222994052936
kingdom	19	0.013278994573412691	0.5438577786817707	0.21749020000000008	0.4	1.0	0.5714285714285715	2.0	0.0	3.0	2.0	0.4	0.6683606712943007	0.9642406260015062	0.10981095366714126	0.013497026808531723	7.076906767218604	0.19821203000000004	0.8	0.6666666666666666	0.7272727272727272	4.0	2.0	1.0	6.0	0.5714285714285714	0.7453545748245145	0.4159903087581483	0.09910845455460887
kingdom	2	0.013278994573412691	0.5438577786817707	0.05495657999999996	0.4	1.0	0.5714285714285715	2.0	0.0	3.0	2.0	0.4	0.6556524863916116	0.9459065906636965	0.027779687946753315	0.013497026808531723	7.076906767218604	0.03460933999999996	0.8	0.6666666666666666	0.7272727272727272	4.0	2.0	1.0	6.0	0.5714285714285714	0.7427567673778379	0.41454044481642416	0.017305103492842477
kingdom	3	0.013278994573412691	0.5438577786817707	0.03397257999999988	0.4	1.0	0.5714285714285715	2.0	0.0	3.0	2.0	0.4	0.5266057012158595	0.7597314336479757	0.017187440807245827	0.013497026808531723	7.076906767218604	0.01719844999999988	0.8	0.6666666666666666	0.7272727272727272	4.0	2.0	1.0	6.0	0.5714285714285714	0.6151443622371179	0.34331860542762527	0.008599469439918768
kingdom	4	0.013278994573412691	0.5438577786817707	0.05289808000000001	0.3333333333333333	1.0	0.5	2.0	0.0	4.0	2.0	0.3333333333333333	0.6142903815250528	0.886233687091983	0.026719519828861178	0.013497026808531723	7.076906767218604	0.03294649000000001	0.8333333333333334	0.8333333333333334	0.8333333333333334	5.0	1.0	1.0	6.0	0.7142857142857143	0.6939179581943539	0.38728298642301306	0.016473668785129503
kingdom	5	0.013278994573412691	0.5438577786817707	0.0359374399999999	0.4	1.0	0.5714285714285715	2.0	0.0	3.0	2.0	0.4	0.3453998280068384	0.4983066189893666	0.018178581176100952	0.013497026808531723	7.076906767218604	0.018910379999999893	0.8	0.6666666666666666	0.7272727272727272	4.0	2.0	1.0	6.0	0.5714285714285714	0.43280273032518746	0.24155180299488088	0.009455463735675095
kingdom	0	0.013278994573412691	0.5438577786817707	0.044631010000000054	0.4	1.0	0.5714285714285715	2.0	0.0	3.0	2.0	0.4	0.667111970124928	0.9624391310168999	0.02256964792494941	0.013497026808531723	7.076906767218604	0.027079940000000052	0.8	0.6666666666666666	0.7272727272727272	4.0	2.0	1.0	6.0	0.5714285714285714	0.7526775209971763	0.42007732283477367	0.013540334505804922
kingdom	8	0.013278994573412691	0.5438577786817707	0.03536396999999993	0.3333333333333333	1.0	0.5	2.0	0.0	4.0	2.0	0.3333333333333333	0.6187710404053557	0.8926979114385111	0.017832250329790227	0.013497026808531723	7.076906767218604	0.01860499999999993	0.8333333333333334	0.8333333333333334	0.8333333333333334	5.0	1.0	1.0	6.0	0.7142857142857143	0.6880482063361616	0.384007015535737	0.009302738243126373
kingdom	7	0.013278994573412691	0.5438577786817707	0.03281679999999995	0.4	1.0	0.5714285714285715	2.0	0.0	3.0	2.0	0.4	0.4225073759261121	0.609549295987611	0.016584818686907338	0.013497026808531723	7.076906767218604	0.01385040999999995	0.8	0.6666666666666666	0.7272727272727272	4.0	2.0	1.0	6.0	0.5714285714285714	0.5051942671231829	0.2819542889542178	0.00692536812704621
kingdom	6	0.013278994573412691	0.5438577786817707	0.035413839999999884	0.4	1.0	0.5714285714285715	2.0	0.0	3.0	2.0	0.4	0.5553592198376158	0.801213992371692	0.01791685519654029	0.013497026808531723	7.076906767218604	0.01875276999999988	0.8	0.6666666666666666	0.7272727272727272	4.0	2.0	1.0	6.0	0.5714285714285714	0.6435370051847152	0.3591648411725547	0.009376663721329056
phylum	19	0.013278994573412691	0.5438577786817707	0.26739331000000005	0.36363636363636365	1.0	0.5333333333333333	4.0	0.0	7.0	4.0	0.36363636363636365	0.9241258307354505	0.6666158765797141	0.13644554076014243	0.013497026808531723	7.076906767218604	0.22735831999999997	0.9090909090909091	0.45454545454545453	0.6060606060606061	10.0	12.0	1.0	22.0	0.43478260869565216	1.092508368569049	0.3534433399263328	0.11367916682075002
phylum	11	0.013278994573412691	0.5438577786817707	0.10150423000000011	0.2727272727272727	1.0	0.42857142857142855	3.0	0.0	8.0	3.0	0.2727272727272727	0.7817183737525838	0.7115507279645409	0.05161872132289521	0.013497026808531723	7.076906767218604	0.0750117200000001	0.9090909090909091	0.45454545454545453	0.6060606060606061	10.0	12.0	1.0	22.0	0.43478260869565216	0.9375291555676809	0.30330516960357057	0.03750588137835244
phylum	9	0.013278994573412691	0.5438577786817707	0.1037721700000001	0.2727272727272727	1.0	0.42857142857142855	3.0	0.0	8.0	3.0	0.2727272727272727	0.7780550287623977	0.7082162076538066	0.053183231188421845	0.013497026808531723	7.076906767218604	0.05987059000000003	0.9090909090909091	0.47619047619047616	0.6249999999999999	10.0	11.0	1.0	21.0	0.45454545454545453	0.9893585661587436	0.32496346681502797	0.02993534753653495
phylum	8	0.013278994573412691	0.5438577786817707	0.06142471999999989	0.25	1.0	0.4	3.0	0.0	9.0	3.0	0.25	0.7095848289105506	0.6458919458936763	0.031247898674158153	0.013497026808531723	7.076906767218604	0.02780521999999988	0.9166666666666666	0.4782608695652174	0.6285714285714286	11.0	12.0	1.0	23.0	0.4583333333333333	0.8665425359078731	0.27636553481923365	0.013902638778462212
phylum	7	0.013278994573412691	0.5438577786817707	0.0549098600000001	0.18181818181818182	1.0	0.3076923076923077	2.0	0.0	9.0	2.0	0.18181818181818182	0.41231489924448583	0.5948446604246523	0.028058171713219313	0.013497026808531723	7.076906767218604	0.019037190000000107	0.9090909090909091	0.5	0.6451612903225806	10.0	10.0	1.0	20.0	0.47619047619047616	0.5981962520800209	0.19968281456952428	0.009518595428336846
phylum	6	0.013278994573412691	0.5438577786817707	0.05372257999999995	0.36363636363636365	1.0	0.5333333333333333	4.0	0.0	7.0	4.0	0.36363636363636365	0.7443787831133959	0.5369557894703287	0.027465631393651758	0.013497026808531723	7.076906767218604	0.022750009999999952	0.9090909090909091	0.45454545454545453	0.6060606060606061	10.0	12.0	1.0	22.0	0.43478260869565216	0.9403944518088266	0.30423213721543	0.011375000051874955
phylum	5	0.013278994573412691	0.5438577786817707	0.05595386	0.2727272727272727	1.0	0.42857142857142855	3.0	0.0	8.0	3.0	0.2727272727272727	0.4099344010019791	0.3731383721357773	0.028622101359179287	0.013497026808531723	7.076906767218604	0.02133743	0.9090909090909091	0.5	0.6451612903225806	10.0	10.0	1.0	20.0	0.47619047619047616	0.604193509261094	0.20168474819824547	0.010668715586779356
phylum	4	0.013278994573412691	0.5438577786817707	0.0770472000000001	0.3333333333333333	1.0	0.5	4.0	0.0	8.0	4.0	0.3333333333333333	0.7760270980950608	0.5597852230085987	0.03937904920013726	0.013497026808531723	7.076906767218604	0.0488918500000001	0.9166666666666666	0.5	0.6470588235294118	11.0	11.0	1.0	22.0	0.4782608695652174	0.9658422399146797	0.3124648899161265	0.024445950790478135
phylum	3	0.013278994573412691	0.5438577786817707	0.05805330999999998	0.36363636363636365	1.0	0.5333333333333333	4.0	0.0	7.0	4.0	0.36363636363636365	0.7580054461607227	0.5467853490714505	0.029705877056846464	0.013497026808531723	7.076906767218604	0.019620879999999973	0.9090909090909091	0.47619047619047616	0.6249999999999999	10.0	11.0	1.0	21.0	0.45454545454545453	0.9428397142702997	0.3096839433955097	0.009810430876299271
phylum	2	0.013278994573412691	0.5438577786817707	0.07914990999999992	0.36363636363636365	1.0	0.5333333333333333	4.0	0.0	7.0	4.0	0.36363636363636365	0.8509328818966413	0.6138183244208192	0.04025103820462525	0.013497026808531723	7.076906767218604	0.04693508999999993	0.9090909090909091	0.45454545454545453	0.6060606060606061	10.0	12.0	1.0	22.0	0.43478260869565216	1.0020794861026754	0.3241881990374959	0.02346755825917038
phylum	18	0.013278994573412691	0.5438577786817707	0.07767911000000002	0.25	1.0	0.4	3.0	0.0	9.0	3.0	0.25	0.6847272081428089	0.6232655643902638	0.039663102809926624	0.013497026808531723	7.076906767218604	0.041151850000000045	0.9166666666666666	0.55	0.6874999999999999	11.0	9.0	1.0	20.0	0.5238095238095238	0.8638686649528348	0.2883664446849862	0.020575915843717475
phylum	17	0.013278994573412691	0.5438577786817707	0.05495573000000003	0.3	1.0	0.4615384615384615	3.0	0.0	7.0	3.0	0.3	0.5020508866074768	0.45698641075290763	0.027943143629984235	0.013497026808531723	7.076906767218604	0.026529080000000045	0.9	0.391304347826087	0.5454545454545454	9.0	14.0	1.0	23.0	0.375	0.6467309359558522	0.2062612434972088	0.01326452089908993
phylum	16	0.013278994573412691	0.5438577786817707	0.24723938999999998	0.18181818181818182	1.0	0.3076923076923077	2.0	0.0	9.0	2.0	0.18181818181818182	0.2843683247883307	0.4102567719580268	0.12618559645229163	0.013497026808531723	7.076906767218604	0.20666881	0.9090909090909091	0.45454545454545453	0.6060606060606061	10.0	12.0	1.0	22.0	0.43478260869565216	0.47620911519054465	0.15406100769439743	0.10333436314958294
phylum	15	0.013278994573412691	0.5438577786817707	0.17071593000000007	0.2727272727272727	1.0	0.42857142857142855	3.0	0.0	8.0	3.0	0.2727272727272727	0.7229883193442677	0.6580923286601631	0.08711468622322335	0.013497026808531723	7.076906767218604	0.14577241000000007	0.9090909090909091	0.45454545454545453	0.6060606060606061	10.0	12.0	1.0	22.0	0.43478260869565216	0.8987184746009544	0.29074931456361147	0.07288613612260142
phylum	14	0.013278994573412691	0.5438577786817707	0.2494656999999999	0.2727272727272727	1.0	0.42857142857142855	3.0	0.0	8.0	3.0	0.2727272727272727	0.4213231378145355	0.3835048471242952	0.12598789988262368	0.013497026808531723	7.076906767218604	0.22964252999999996	0.9090909090909091	0.45454545454545453	0.6060606060606061	10.0	12.0	1.0	22.0	0.43478260869565216	0.5259476084482457	0.1701521788795948	0.1148213321704793
phylum	10	0.013278994573412691	0.5438577786817707	0.12403538000000007	0.3333333333333333	1.0	0.5	4.0	0.0	8.0	4.0	0.3333333333333333	0.8355970666630654	0.6027558721280846	0.06316405892694936	0.013497026808531723	7.076906767218604	0.09736187000000003	0.9166666666666666	0.5238095238095238	0.6666666666666667	11.0	10.0	1.0	21.0	0.5	0.9963488343439719	0.32725948148669365	0.04868081646221195
phylum	13	0.013278994573412691	0.5438577786817707	0.09455214999999999	0.2727272727272727	1.0	0.42857142857142855	3.0	0.0	8.0	3.0	0.2727272727272727	0.776631062857335	0.7069200580296393	0.048425996038500445	0.013497026808531723	7.076906767218604	0.05321786999999998	0.9090909090909091	0.47619047619047616	0.6249999999999999	10.0	11.0	1.0	21.0	0.45454545454545453	0.9770865312522803	0.3209326097077176	0.026608923425118298
phylum	1	0.013278994573412691	0.5438577786817707	0.04867710999999994	0.2727272727272727	1.0	0.42857142857142855	3.0	0.0	8.0	3.0	0.2727272727272727	0.7143284510826495	0.6502097768710176	0.02485594377333408	0.013497026808531723	7.076906767218604	0.01245295999999994	0.9090909090909091	0.4166666666666667	0.5714285714285715	10.0	14.0	1.0	24.0	0.4	0.8957127170213995	0.28184315459607345	0.006226474147114273
phylum	12	0.013278994573412691	0.5438577786817707	0.09691789000000002	0.36363636363636365	1.0	0.5333333333333333	4.0	0.0	7.0	4.0	0.36363636363636365	0.8630197838879562	0.6225371812021097	0.049480228039792636	0.013497026808531723	7.076906767218604	0.06320816000000003	0.9090909090909091	0.4166666666666667	0.5714285714285715	10.0	14.0	1.0	24.0	0.4	1.0451810579399858	0.3288745608898498	0.03160402058444129
phylum	0	0.013278994573412691	0.5438577786817707	0.06359362000000002	0.3	1.0	0.4615384615384615	3.0	0.0	7.0	3.0	0.3	0.7585419266263868	0.6904546166564335	0.03237041175405719	0.013497026808531723	7.076906767218604	0.03255648000000002	0.9	0.4090909090909091	0.5625000000000001	9.0	13.0	1.0	22.0	0.391304347826087	0.9108760274053269	0.29468247076829696	0.016278257580518186
class	7	0.013278994573412691	0.5438577786817707	0.08621804999999999	0.2222222222222222	1.0	0.3636363636363636	4.0	0.0	14.0	4.0	0.2222222222222222	0.8621163187893254	0.6218854688934042	0.04406460090191577	0.013497026808531723	7.076906767218604	0.05115854	0.9444444444444444	0.4722222222222222	0.6296296296296297	17.0	19.0	1.0	36.0	0.4594594594594595	1.059360202406095	0.29562009315416093	0.025579266930487968
class	6	0.013278994573412691	0.5438577786817707	0.0771032699999999	0.3684210526315789	1.0	0.5384615384615384	7.0	0.0	12.0	7.0	0.3684210526315789	1.0590388039316303	0.5442382858457082	0.039516141220885925	0.013497026808531723	7.076906767218604	0.04153732999999993	0.9473684210526315	0.47368421052631576	0.631578947368421	18.0	20.0	1.0	38.0	0.46153846153846156	1.2987071038179236	0.3570244241075545	0.020768712664195527
class	5	0.013278994573412691	0.5438577786817707	0.08556328000000007	0.3157894736842105	1.0	0.4799999999999999	6.0	0.0	13.0	6.0	0.3157894736842105	1.0523542852909549	0.5873301095176249	0.04378467823645233	0.013497026808531723	7.076906767218604	0.05282230000000008	0.9473684210526315	0.47368421052631576	0.631578947368421	18.0	20.0	1.0	38.0	0.46153846153846156	1.2728992579761331	0.3499296517204362	0.026411171393048865
class	4	0.013278994573412691	0.5438577786817707	0.08240976999999994	0.3684210526315789	1.0	0.5384615384615384	7.0	0.0	12.0	7.0	0.3684210526315789	1.0876278701896258	0.5589301596055911	0.04209310744511464	0.013497026808531723	7.076906767218604	0.05318628999999994	0.9473684210526315	0.4864864864864865	0.6428571428571428	18.0	19.0	1.0	37.0	0.47368421052631576	1.284121460566365	0.3556218921703542	0.02659321081819675
class	3	0.013278994573412691	0.5438577786817707	0.06343090999999994	0.3888888888888889	1.0	0.56	7.0	0.0	11.0	7.0	0.3888888888888889	1.1063225047070289	0.5685373012952929	0.032216214659038886	0.013497026808531723	7.076906767218604	0.04095195999999993	0.9444444444444444	0.425	0.5862068965517241	17.0	23.0	1.0	40.0	0.4146341463414634	1.2526438075581556	0.33957298500529043	0.02047598696183553
class	2	0.013278994573412691	0.5438577786817707	0.08834929999999998	0.3888888888888889	1.0	0.56	7.0	0.0	11.0	7.0	0.3888888888888889	1.1409882234725202	0.5863519567059348	0.04504370936493718	0.013497026808531723	7.076906767218604	0.05411849999999998	0.9444444444444444	0.4594594594594595	0.6181818181818182	17.0	20.0	1.0	37.0	0.4473684210526316	1.332002093220123	0.3688818537125694	0.027059354449108154
class	19	0.013278994573412691	0.5438577786817707	0.26818095999999997	0.35	1.0	0.5185185185185185	7.0	0.0	13.0	7.0	0.35	1.3890810879296662	0.7138464685042254	0.13698303849786791	0.013497026808531723	7.076906767218604	0.22914964999999995	0.95	0.48717948717948717	0.6440677966101694	19.0	20.0	1.0	39.0	0.475	1.596156930100296	0.43568447436568974	0.1145747407875655
class	10	0.013278994573412691	0.5438577786817707	0.1256515	0.35	1.0	0.5185185185185185	7.0	0.0	13.0	7.0	0.35	1.1254111142925256	0.578346906119423	0.0639974603014206	0.013497026808531723	7.076906767218604	0.10684956999999994	0.95	0.5277777777777778	0.6785714285714285	19.0	17.0	1.0	36.0	0.5135135135135135	1.2983348696933754	0.36230724379895085	0.0534246436918174
class	16	0.013278994573412691	0.5438577786817707	0.32278712	0.23529411764705882	1.0	0.38095238095238093	4.0	0.0	13.0	4.0	0.23529411764705882	0.49188207832803404	0.3548179175530057	0.1651298406153111	0.013497026808531723	7.076906767218604	0.27781746	0.9411764705882353	0.41025641025641024	0.5714285714285713	16.0	23.0	1.0	39.0	0.4	0.719012467254434	0.19626050731643388	0.13890842162330405
class	15	0.013278994573412691	0.5438577786817707	0.19030497000000007	0.3333333333333333	1.0	0.5	6.0	0.0	12.0	6.0	0.3333333333333333	1.216976884091508	0.6792077312786962	0.09717154896865512	0.013497026808531723	7.076906767218604	0.16506834000000004	0.9444444444444444	0.4146341463414634	0.576271186440678	17.0	24.0	1.0	41.0	0.40476190476190477	1.4195986375519556	0.38227308156478296	0.08253407426047388
class	14	0.013278994573412691	0.5438577786817707	0.32501360000000007	0.2222222222222222	1.0	0.3636363636363636	4.0	0.0	14.0	4.0	0.2222222222222222	0.4952106104979159	0.35721894598046966	0.16635920847164332	0.013497026808531723	7.076906767218604	0.2790397400000001	0.9444444444444444	0.4146341463414634	0.576271186440678	17.0	24.0	1.0	41.0	0.40476190476190477	0.7276859572349558	0.19595309964746607	0.13951960351755735
class	13	0.013278994573412691	0.5438577786817707	0.14715983000000005	0.2777777777777778	1.0	0.4347826086956522	5.0	0.0	13.0	5.0	0.2777777777777778	1.0180075636563126	0.6325236629455849	0.07538560799892428	0.013497026808531723	7.076906767218604	0.10715661000000004	0.9444444444444444	0.4473684210526316	0.6071428571428572	17.0	21.0	1.0	38.0	0.4358974358974359	1.2452975810011202	0.34234174156160463	0.05357830366054242
class	12	0.013278994573412691	0.5438577786817707	0.12146191000000003	0.35294117647058826	1.0	0.5217391304347826	6.0	0.0	11.0	6.0	0.35294117647058826	1.1222138395918217	0.6263194691390725	0.06222778493917731	0.013497026808531723	7.076906767218604	0.07830798000000003	0.9411764705882353	0.4	0.5614035087719298	16.0	24.0	1.0	40.0	0.3902439024390244	1.356901939691804	0.3678358039535694	0.03915409297526453
class	11	0.013278994573412691	0.5438577786817707	0.11873861999999999	0.2777777777777778	1.0	0.4347826086956522	5.0	0.0	13.0	5.0	0.2777777777777778	1.006974952911741	0.6256687164705849	0.060880821284748546	0.013497026808531723	7.076906767218604	0.08138024000000002	0.9444444444444444	0.425	0.5862068965517241	17.0	23.0	1.0	40.0	0.4146341463414634	1.2506051614731464	0.33902033856878633	0.04069017249032252
class	17	0.013278994573412691	0.5438577786817707	0.06582843000000006	0.2777777777777778	1.0	0.4347826086956522	5.0	0.0	13.0	5.0	0.2777777777777778	0.8736362494827066	0.5428207219012422	0.03355654755419009	0.013497026808531723	7.076906767218604	0.03496162000000006	0.9444444444444444	0.425	0.5862068965517241	17.0	23.0	1.0	40.0	0.4146341463414634	1.057993135643796	0.28680610163715	0.01748077503844996
class	18	0.013278994573412691	0.5438577786817707	0.07727868999999987	0.25	1.0	0.4	5.0	0.0	15.0	5.0	0.25	0.9170983860150861	0.5698252656594092	0.03940943391044972	0.013497026808531723	7.076906767218604	0.04502882999999989	0.95	0.5428571428571428	0.6909090909090908	19.0	16.0	1.0	35.0	0.5277777777777778	1.110208649552093	0.3122644057209415	0.02251444280533681
class	0	0.013278994573412691	0.5438577786817707	0.07328431000000006	0.375	1.0	0.5454545454545454	6.0	0.0	10.0	6.0	0.375	1.211770710103411	0.6763021102522645	0.037341614409187776	0.013497026808531723	7.076906767218604	0.03936543000000005	0.9375	0.38461538461538464	0.5454545454545454	15.0	24.0	1.0	39.0	0.375	1.3926521837386134	0.3801361402529898	0.019682733600183275
class	9	0.013278994573412691	0.5438577786817707	0.10241196000000001	0.2777777777777778	1.0	0.4347826086956522	5.0	0.0	13.0	5.0	0.2777777777777778	1.086535523964535	0.6751024786791978	0.05235535651301207	0.013497026808531723	7.076906767218604	0.06747337000000003	0.9444444444444444	0.4473684210526316	0.6071428571428572	17.0	21.0	1.0	38.0	0.4358974358974359	1.301423165835337	0.35777109013776004	0.033736960124909815
class	1	0.013278994573412691	0.5438577786817707	0.08145377999999996	0.35294117647058826	1.0	0.5217391304347826	6.0	0.0	11.0	6.0	0.35294117647058826	1.0916204357077688	0.6092449653290084	0.041499872856811885	0.013497026808531723	7.076906767218604	0.048362769999999944	0.9411764705882353	0.36363636363636365	0.5245901639344263	16.0	28.0	1.0	44.0	0.35555555555555557	1.2787314242398509	0.33791420302470804	0.024181542784566648
class	8	0.013278994573412691	0.5438577786817707	0.07775942000000004	0.3	1.0	0.4615384615384615	6.0	0.0	14.0	6.0	0.3	0.9588452977124788	0.5351417498720288	0.03956524915913045	0.013497026808531723	7.076906767218604	0.04782902000000003	0.95	0.48717948717948717	0.6440677966101694	19.0	20.0	1.0	39.0	0.475	1.1279813209253522	0.3078919996110897	0.023914552567903584
order	10	0.013278994573412691	0.5438577786817707	0.1607514	0.3	1.0	0.4615384615384615	9.0	0.0	21.0	9.0	0.3	1.593174989510433	0.7250851851665981	0.08183613789656555	0.013497026808531723	7.076906767218604	0.13438314999999995	0.9666666666666667	0.35802469135802467	0.5225225225225225	29.0	52.0	1.0	81.0	0.35365853658536583	1.7821480419762452	0.40554526386574746	0.06719283587356516
order	7	0.013278994573412691	0.5438577786817707	0.11569709999999996	0.1724137931034483	1.0	0.29411764705882354	5.0	0.0	24.0	5.0	0.1724137931034483	1.0024224714397507	0.6228401006931019	0.05921545771620142	0.013497026808531723	7.076906767218604	0.07900228999999996	0.9655172413793104	0.36363636363636365	0.5283018867924528	28.0	49.0	1.0	77.0	0.358974358974359	1.224235851821478	0.2818348735563402	0.03950132571856515
order	6	0.013278994573412691	0.5438577786817707	0.12229076999999997	0.3548387096774194	1.0	0.5238095238095238	11.0	0.0	20.0	11.0	0.3548387096774194	1.8325682305517779	0.7642403116351075	0.06232439839280203	0.013497026808531723	7.076906767218604	0.09582943999999999	0.967741935483871	0.35714285714285715	0.5217391304347826	30.0	54.0	1.0	84.0	0.35294117647058826	2.0400658328119703	0.4604265816958488	0.04791660216413299
order	5	0.013278994573412691	0.5438577786817707	0.09547243	0.3225806451612903	1.0	0.4878048780487805	10.0	0.0	21.0	10.0	0.3225806451612903	1.6146950248299574	0.7012531392402847	0.04870750772863174	0.013497026808531723	7.076906767218604	0.07061210000000004	0.967741935483871	0.379746835443038	0.5454545454545455	30.0	49.0	1.0	79.0	0.375	1.824865632491202	0.41764215848482317	0.03530657183113168
order	4	0.013278994573412691	0.5438577786817707	0.09047784999999997	0.3103448275862069	1.0	0.4736842105263158	9.0	0.0	20.0	9.0	0.3103448275862069	1.6374921481735312	0.7452547932804967	0.046387273260985115	0.013497026808531723	7.076906767218604	0.055027999999999994	0.9655172413793104	0.345679012345679	0.5090909090909091	28.0	53.0	1.0	81.0	0.34146341463414637	1.8806068497987654	0.42795053113749026	0.027514099050756576
order	3	0.013278994573412691	0.5438577786817707	0.11358160999999999	0.32142857142857145	1.0	0.4864864864864865	9.0	0.0	19.0	9.0	0.32142857142857145	1.573537618281198	0.7161478323662566	0.057927473821378396	0.013497026808531723	7.076906767218604	0.08303914000000003	0.9642857142857143	0.3176470588235294	0.47787610619469023	27.0	58.0	1.0	85.0	0.313953488372093	1.7899332852013412	0.402897545150862	0.041521013685645855
order	2	0.013278994573412691	0.5438577786817707	0.14032300999999994	0.26666666666666666	1.0	0.4210526315789474	8.0	0.0	22.0	8.0	0.26666666666666666	1.3790049292888127	0.663161190948802	0.0718345014456972	0.013497026808531723	7.076906767218604	0.10236086999999994	0.9666666666666667	0.37662337662337664	0.5420560747663552	29.0	48.0	1.0	77.0	0.3717948717948718	1.6237890771988563	0.3738171763011239	0.05118139439523794
order	19	0.013278994573412691	0.5438577786817707	0.2663067200000001	0.3125	1.0	0.47619047619047616	10.0	0.0	22.0	10.0	0.3125	1.8913211918957618	0.8213903571470105	0.1364111627636899	0.013497026808531723	7.076906767218604	0.23065931999999992	0.96875	0.3333333333333333	0.496	31.0	62.0	1.0	93.0	0.32978723404255317	2.1462716365194288	0.47351892435267917	0.11533093325350312
order	18	0.013278994573412691	0.5438577786817707	0.10852626000000003	0.23333333333333334	1.0	0.37837837837837834	7.0	0.0	23.0	7.0	0.23333333333333334	1.4617389487344643	0.7511852227319432	0.05551087911598227	0.013497026808531723	7.076906767218604	0.07195064000000005	0.9666666666666667	0.3372093023255814	0.5	29.0	57.0	1.0	86.0	0.3333333333333333	1.6947535499710937	0.38047180366841366	0.035975477572591785
order	0	0.013278994573412691	0.5438577786817707	0.2060923	0.26666666666666666	1.0	0.4210526315789474	8.0	0.0	22.0	8.0	0.26666666666666666	1.6108784868544992	0.7746688014865678	0.10527388112797464	0.013497026808531723	7.076906767218604	0.16939159000000004	0.9666666666666667	0.32222222222222224	0.4833333333333334	29.0	61.0	1.0	90.0	0.31868131868131866	1.8270520201588107	0.4060287332163348	0.08469637051183766
order	16	0.013278994573412691	0.5438577786817707	0.52325266	0.2	1.0	0.33333333333333337	6.0	0.0	24.0	6.0	0.2	1.020151074292257	0.5693571552501796	0.2680986826038436	0.013497026808531723	7.076906767218604	0.47550408000000005	0.9666666666666667	0.3372093023255814	0.5	29.0	57.0	1.0	86.0	0.3333333333333333	1.2732894879715686	0.285853213341159	0.23775171428015138
order	15	0.013278994573412691	0.5438577786817707	0.20977908000000003	0.2857142857142857	1.0	0.4444444444444445	8.0	0.0	20.0	8.0	0.2857142857142857	1.5557104139558606	0.748138566424479	0.10742941634137947	0.013497026808531723	7.076906767218604	0.18267302000000005	0.9642857142857143	0.3	0.45762711864406774	27.0	63.0	1.0	90.0	0.2967032967032967	1.8111471155241439	0.402494160467728	0.09133677304990637
order	14	0.013278994573412691	0.5438577786817707	0.48507139000000005	0.23333333333333334	1.0	0.37837837837837834	7.0	0.0	23.0	7.0	0.23333333333333334	1.029910245754529	0.529269168082875	0.24811829586804857	0.013497026808531723	7.076906767218604	0.44077190000000016	0.9666666666666667	0.3411764705882353	0.5043478260869566	29.0	56.0	1.0	85.0	0.3372093023255814	1.2622938221909292	0.28413074745554934	0.22038673016902485
order	13	0.013278994573412691	0.5438577786817707	0.1417208	0.23333333333333334	1.0	0.37837837837837834	7.0	0.0	23.0	7.0	0.23333333333333334	1.348053025980614	0.692762215477964	0.07223268963965838	0.013497026808531723	7.076906767218604	0.11108682000000003	0.9666666666666667	0.3815789473684211	0.5471698113207547	29.0	47.0	1.0	76.0	0.37662337662337664	1.5465426196291492	0.3571087153398593	0.05554380380556901
order	12	0.013278994573412691	0.5438577786817707	0.11948973	0.34615384615384615	1.0	0.5142857142857142	9.0	0.0	17.0	9.0	0.34615384615384615	1.567393085353357	0.7133513349161461	0.06098561333932367	0.013497026808531723	7.076906767218604	0.08905288	0.9615384615384616	0.2777777777777778	0.43103448275862066	25.0	65.0	1.0	90.0	0.27472527472527475	1.7881432169459126	0.39738196678320203	0.04452679487855519
order	11	0.013278994573412691	0.5438577786817707	0.11893005000000008	0.2413793103448276	1.0	0.3888888888888889	7.0	0.0	22.0	7.0	0.2413793103448276	1.3195241182995905	0.6781012571110664	0.060842284724491665	0.013497026808531723	7.076906767218604	0.08817328000000009	0.9655172413793104	0.35443037974683544	0.5185185185185186	28.0	51.0	1.0	79.0	0.35	1.5642948924711229	0.3580074520371975	0.04408712628100291
order	1	0.013278994573412691	0.5438577786817707	0.30877156999999994	0.26666666666666666	1.0	0.4210526315789474	8.0	0.0	22.0	8.0	0.26666666666666666	1.6081011497706297	0.7733331846739759	0.15774266484884197	0.013497026808531723	7.076906767218604	0.27187056999999987	0.9666666666666667	0.30851063829787234	0.467741935483871	29.0	65.0	1.0	94.0	0.30526315789473685	1.8300527188491218	0.4028029891414524	0.13593708412730843
order	17	0.013278994573412691	0.5438577786817707	0.11667749999999996	0.27586206896551724	1.0	0.4324324324324324	8.0	0.0	21.0	8.0	0.27586206896551724	1.5404993663127535	0.7408235987573335	0.059507221907939896	0.013497026808531723	7.076906767218604	0.08615371999999995	0.9655172413793104	0.2978723404255319	0.4552845528455285	28.0	66.0	1.0	94.0	0.29473684210526313	1.743963435864874	0.3838543434757106	0.04307711157033157
order	9	0.013278994573412691	0.5438577786817707	0.10369353000000008	0.2413793103448276	1.0	0.3888888888888889	7.0	0.0	22.0	7.0	0.2413793103448276	1.412931493156632	0.7261031522152099	0.05290600701212114	0.013497026808531723	7.076906767218604	0.06983492000000006	0.9655172413793104	0.3010752688172043	0.45901639344262296	28.0	65.0	1.0	93.0	0.2978723404255319	1.6281425706142125	0.3592072436741019	0.03491783082736342
order	8	0.013278994573412691	0.5438577786817707	0.07925019000000003	0.26666666666666666	1.0	0.4210526315789474	8.0	0.0	22.0	8.0	0.26666666666666666	1.4424487569990807	0.6936712228196744	0.04031229937208037	0.013497026808531723	7.076906767218604	0.050517129999999986	0.9666666666666667	0.3411764705882353	0.5043478260869566	29.0	56.0	1.0	85.0	0.3372093023255814	1.6225444890657441	0.36521986430858183	0.025258660856617956
family	8	0.013278994573412691	0.5438577786817707	0.09032155000000001	0.28888888888888886	1.0	0.4482758620689655	13.0	0.0	32.0	13.0	0.28888888888888886	1.645646772869429	0.6415903565823547	0.04624114975478456	0.013497026808531723	7.076906767218604	0.06040714999999999	0.9777777777777777	0.2732919254658385	0.42718446601941756	44.0	117.0	1.0	161.0	0.2716049382716049	1.9067106962793585	0.3752330181432409	0.03023361981085514
family	0	0.013278994573412691	0.5438577786817707	0.21260543	0.2608695652173913	1.0	0.41379310344827586	12.0	0.0	34.0	12.0	0.2608695652173913	1.9174781894135466	0.7716499891765094	0.10903513717308456	0.013497026808531723	7.076906767218604	0.17485522000000003	0.9782608695652174	0.2571428571428571	0.4072398190045249	45.0	130.0	1.0	175.0	0.2556818181818182	2.200705145701044	0.4260980332606584	0.08744588006772255
family	1	0.013278994573412691	0.5438577786817707	0.31591361000000007	0.2765957446808511	1.0	0.43333333333333335	13.0	0.0	34.0	13.0	0.2765957446808511	1.957015601590883	0.7629841095684206	0.16198774614212086	0.013497026808531723	7.076906767218604	0.28001055	0.9787234042553191	0.2658959537572254	0.4181818181818181	46.0	127.0	1.0	173.0	0.26436781609195403	2.2428079551785935	0.43521852277353407	0.14003480203818378
family	10	0.013278994573412691	0.5438577786817707	0.18322553999999994	0.2653061224489796	1.0	0.41935483870967744	13.0	0.0	36.0	13.0	0.2653061224489796	1.7768627081992212	0.6927476766861923	0.09365532042384736	0.013497026808531723	7.076906767218604	0.15779817	0.9795918367346939	0.2926829268292683	0.45070422535211263	48.0	116.0	1.0	164.0	0.2909090909090909	2.0346485446523843	0.39896114407067806	0.07892789723424584
family	11	0.013278994573412691	0.5438577786817707	0.1436852700000001	0.23255813953488372	1.0	0.37735849056603776	10.0	0.0	33.0	10.0	0.23255813953488372	1.4604513301607542	0.6342659537770797	0.07454591088470101	0.013497026808531723	7.076906767218604	0.10666552000000003	0.9767441860465116	0.28187919463087246	0.43749999999999994	42.0	107.0	1.0	149.0	0.28	1.7558436415711138	0.3508917830482915	0.05394224970344175
family	12	0.013278994573412691	0.5438577786817707	0.14335504	0.3111111111111111	1.0	0.4745762711864407	14.0	0.0	31.0	14.0	0.3111111111111111	1.860142786775808	0.7048512231627017	0.0734244168377888	0.013497026808531723	7.076906767218604	0.10944235999999999	0.9777777777777777	0.26506024096385544	0.4170616113744076	44.0	122.0	1.0	166.0	0.2634730538922156	2.1347799090879467	0.4176027012330283	0.05473906379953392
family	13	0.013278994573412691	0.5438577786817707	0.16194136	0.2127659574468085	1.0	0.3508771929824561	10.0	0.0	37.0	10.0	0.2127659574468085	1.5051032209743411	0.653658023563967	0.08386802331264952	0.013497026808531723	7.076906767218604	0.12786526	0.9787234042553191	0.3087248322147651	0.4693877551020408	46.0	103.0	1.0	149.0	0.30666666666666664	1.784504692882025	0.3566194726673543	0.06457951134078863
family	14	0.013278994573412691	0.5438577786817707	0.5152542800000002	0.24	1.0	0.3870967741935484	12.0	0.0	38.0	12.0	0.24	1.22942755837819	0.4947580459342722	0.263739265837062	0.013497026808531723	7.076906767218604	0.47235723999999985	0.98	0.30246913580246915	0.46226415094339623	49.0	113.0	1.0	162.0	0.3006134969325153	1.4912470037643317	0.2931142538642891	0.2362959078368139
family	15	0.013278994573412691	0.5438577786817707	0.24493639	0.32608695652173914	1.0	0.4918032786885246	15.0	0.0	31.0	15.0	0.32608695652173914	1.756339740165051	0.6485624747466642	0.12549231701236457	0.013497026808531723	7.076906767218604	0.22551206999999998	0.9782608695652174	0.2556818181818182	0.40540540540540543	45.0	131.0	1.0	176.0	0.2542372881355932	2.040458371458852	0.39463585486716046	0.11277555250099364
family	16	0.013278994573412691	0.5438577786817707	0.5456759000000002	0.22448979591836735	1.0	0.36666666666666664	11.0	0.0	38.0	11.0	0.22448979591836735	1.2172638046823292	0.5076384354608484	0.27957442722394177	0.013497026808531723	7.076906767218604	0.5054559199999998	0.9795918367346939	0.28402366863905326	0.44036697247706424	48.0	121.0	1.0	169.0	0.2823529411764706	1.4772171840245096	0.28796225152111243	0.25335205478415257
family	18	0.013278994573412691	0.5438577786817707	0.10749314000000004	0.24489795918367346	1.0	0.39344262295081966	12.0	0.0	37.0	12.0	0.24489795918367346	1.6721419674541143	0.6729194304328385	0.054933775687982904	0.013497026808531723	7.076906767218604	0.07766404	0.9795918367346939	0.28402366863905326	0.44036697247706424	48.0	121.0	1.0	169.0	0.2823529411764706	1.9219491060514473	0.37465634564293115	0.038840092524830366
family	19	0.013278994573412691	0.5438577786817707	0.25220857	0.25925925925925924	1.0	0.4117647058823529	14.0	0.0	40.0	14.0	0.25925925925925924	2.029583884883065	0.7690563831665427	0.12943017387275293	0.013497026808531723	7.076906767218604	0.23638257	0.9814814814814815	0.29120879120879123	0.4491525423728814	53.0	129.0	1.0	182.0	0.2896174863387978	2.3354125330994053	0.4487720084793469	0.11835583926578554
family	2	0.013278994573412691	0.5438577786817707	0.15538807000000007	0.26666666666666666	1.0	0.4210526315789474	12.0	0.0	33.0	12.0	0.26666666666666666	1.5252484339613104	0.6138051238630783	0.08156493255807526	0.013497026808531723	7.076906767218604	0.12471319000000004	0.9777777777777777	0.2953020134228188	0.45360824742268036	44.0	105.0	1.0	149.0	0.29333333333333333	1.7772561927432455	0.35517091592921196	0.06402558415587885
family	3	0.013278994573412691	0.5438577786817707	0.13175015000000004	0.25	1.0	0.4	12.0	0.0	36.0	12.0	0.25	1.686819574130805	0.6788261338810115	0.06747399305601988	0.013497026808531723	7.076906767218604	0.10156517000000004	0.9791666666666666	0.29936305732484075	0.4585365853658536	47.0	110.0	1.0	157.0	0.2974683544303797	1.9661671589708658	0.38885909322112616	0.05079796179702577
family	4	0.013278994573412691	0.5438577786817707	0.08527781999999999	0.3333333333333333	1.0	0.5	14.0	0.0	28.0	14.0	0.3333333333333333	2.02316099887695	0.7666226027654737	0.0437581718345441	0.013497026808531723	7.076906767218604	0.06059016999999996	0.9761904761904762	0.2662337662337662	0.4183673469387754	41.0	113.0	1.0	154.0	0.2645161290322581	2.264427733478527	0.44956304182680784	0.030451764352132833
family	5	0.013278994573412691	0.5438577786817707	0.1284780999999999	0.2765957446808511	1.0	0.43333333333333335	13.0	0.0	34.0	13.0	0.2765957446808511	1.6975360057804836	0.6618204764325213	0.06588066034155113	0.013497026808531723	7.076906767218604	0.09284450000000001	0.9787234042553191	0.2948717948717949	0.45320197044334976	46.0	110.0	1.0	156.0	0.2929936305732484	1.9841011850671504	0.39290252676884035	0.04643010411641232
family	6	0.013278994573412691	0.5438577786817707	0.14554622000000003	0.3076923076923077	1.0	0.47058823529411764	16.0	0.0	36.0	16.0	0.3076923076923077	2.058639595976322	0.7424972840231747	0.0747087640209099	0.013497026808531723	7.076906767218604	0.11733657999999987	0.9807692307692307	0.3128834355828221	0.4744186046511628	51.0	112.0	1.0	163.0	0.31097560975609756	2.3326852330854395	0.45795045715354915	0.05885259159879898
family	7	0.013278994573412691	0.5438577786817707	0.12050444999999999	0.15555555555555556	1.0	0.2692307692307693	7.0	0.0	38.0	7.0	0.15555555555555556	1.027978710545777	0.5282765553408686	0.06276368988679967	0.013497026808531723	7.076906767218604	0.09211257999999996	0.9777777777777777	0.30344827586206896	0.46315789473684205	44.0	101.0	1.0	145.0	0.3013698630136986	1.2908489987356326	0.25937674497888485	0.04686589314889896
family	9	0.013278994573412691	0.5438577786817707	0.12685000000000005	0.2608695652173913	1.0	0.41379310344827586	12.0	0.0	34.0	12.0	0.2608695652173913	1.7640138302864343	0.7098913878462723	0.06486220970786379	0.013497026808531723	7.076906767218604	0.09623297000000003	0.9782608695652174	0.25862068965517243	0.4090909090909091	45.0	129.0	1.0	174.0	0.2571428571428571	2.0227142789084	0.3920706721667357	0.0481229370827894
family	17	0.013278994573412691	0.5438577786817707	0.12745631999999998	0.26666666666666666	1.0	0.4210526315789474	12.0	0.0	33.0	12.0	0.26666666666666666	1.6950320956171316	0.6821310956537314	0.06525550757077389	0.013497026808531723	7.076906767218604	0.09038298999999995	0.9777777777777777	0.2430939226519337	0.3893805309734513	44.0	137.0	1.0	181.0	0.24175824175824176	1.963783033718294	0.37775976823826635	0.0452003223969625
genus	9	0.013278994573412691	0.5438577786817707	0.38606867999999994	0.3048780487804878	0.9615384615384616	0.46296296296296297	25.0	1.0	57.0	26.0	0.30120481927710846	2.548821244367734	0.7823037821695534	0.19783989275746702	0.013497026808531723	7.076906767218604	0.38666472999999985	0.9878048780487805	0.15196998123827393	0.2634146341463415	81.0	452.0	1.0	533.0	0.15168539325842698	2.889442805377754	0.4602107104797594	0.19333327269971531
genus	8	0.013278994573412691	0.5438577786817707	0.11721964	0.34146341463414637	0.9032258064516129	0.49557522123893805	28.0	3.0	54.0	31.0	0.32941176470588235	2.3210968945830968	0.6759189118560202	0.06006268161113306	0.013497026808531723	7.076906767218604	0.11837781999999994	0.9878048780487805	0.15851272015655576	0.2731871838111299	81.0	430.0	1.0	511.0	0.158203125	2.659321723026998	0.4264214435277134	0.059189583577461125
genus	0	0.013278994573412691	0.5438577786817707	0.22426919000000006	0.2926829268292683	0.9230769230769231	0.4444444444444444	24.0	2.0	58.0	26.0	0.2857142857142857	2.38030762172319	0.7305822875244391	0.11488857113084902	0.013497026808531723	7.076906767218604	0.20752452999999982	0.9878048780487805	0.15083798882681565	0.2617124394184168	81.0	456.0	1.0	537.0	0.15055762081784388	2.707078424613806	0.43065212300630107	0.10376282272517212
genus	1	0.013278994573412691	0.5438577786817707	0.32862976999999993	0.3068181818181818	0.9642857142857143	0.4655172413793104	27.0	1.0	61.0	28.0	0.30337078651685395	2.6755104852875107	0.8029250537047125	0.16825799857730936	0.013497026808531723	7.076906767218604	0.3113822700000002	0.9886363636363636	0.1590493601462523	0.27401574803149603	87.0	460.0	1.0	547.0	0.15875912408759124	2.9954248378814223	0.4751287434883553	0.15569241868399203
genus	10	0.013278994573412691	0.5438577786817707	0.25406411999999995	0.3010752688172043	1.0	0.4628099173553719	28.0	0.0	65.0	28.0	0.3010752688172043	2.4429749435209054	0.7331407589363285	0.13028018338451142	0.013497026808531723	7.076906767218604	0.26272080000000025	0.989247311827957	0.1765834932821497	0.29967426710097717	92.0	429.0	1.0	521.0	0.17624521072796934	2.794561774629036	0.44671889956871963	0.13136089917141683
genus	11	0.013278994573412691	0.5438577786817707	0.1367037100000001	0.3287671232876712	1.0	0.49484536082474223	24.0	0.0	49.0	24.0	0.3287671232876712	2.077623511639566	0.6537408182957365	0.06998488260052509	0.013497026808531723	7.076906767218604	0.13073731	0.9863013698630136	0.15789473684210525	0.2722117202268431	72.0	384.0	1.0	456.0	0.1575492341356674	2.403748224194806	0.3926093993053562	0.06536915997676084
genus	12	0.013278994573412691	0.5438577786817707	0.5310884199999999	0.358974358974359	0.875	0.509090909090909	28.0	4.0	50.0	32.0	0.34146341463414637	2.6931038023489533	0.7770655000496092	0.27210174784021507	0.013497026808531723	7.076906767218604	0.5358308499999999	0.9743589743589743	0.1444866920152091	0.2516556291390728	76.0	450.0	2.0	526.0	0.14393939393939395	3.0342928668906453	0.4843011954033043	0.26791659445593485
genus	14	0.013278994573412691	0.5438577786817707	0.8855743300000002	0.26436781609195403	0.9583333333333334	0.4144144144144144	23.0	1.0	64.0	24.0	0.26136363636363635	2.1232459946530726	0.6680962966636129	0.4532841725505699	0.013497026808531723	7.076906767218604	0.8537730900000007	0.9885057471264368	0.17269076305220885	0.294017094017094	86.0	412.0	1.0	498.0	0.17234468937875752	2.4334167203220467	0.39181668279111564	0.42688638491760567
genus	15	0.013278994573412691	0.5438577786817707	0.3260227500000001	0.3950617283950617	0.9696969696969697	0.5614035087719298	32.0	1.0	49.0	33.0	0.3902439024390244	2.473719156023755	0.70748285611779	0.16706775246363795	0.013497026808531723	7.076906767218604	0.34004807000000015	0.9876543209876543	0.14414414414414414	0.25157232704402516	80.0	475.0	1.0	555.0	0.14388489208633093	2.8140412893890083	0.445332408509433	0.17002361929225085
genus	16	0.013278994573412691	0.5438577786817707	0.88664627	0.2391304347826087	0.9565217391304348	0.3826086956521739	22.0	1.0	70.0	23.0	0.23655913978494625	2.0834968932500857	0.6644875575484605	0.45380377168027664	0.013497026808531723	7.076906767218604	0.8565064799999996	0.9782608695652174	0.1727447216890595	0.2936378466557912	90.0	431.0	2.0	521.0	0.17208413001912046	2.4000160009321574	0.38364959995420134	0.42824923158719236
genus	13	0.013278994573412691	0.5438577786817707	0.14723996999999997	0.27848101265822783	1.0	0.43564356435643564	22.0	0.0	57.0	22.0	0.27848101265822783	2.1471736582982004	0.6946438590532352	0.07534745538915696	0.013497026808531723	7.076906767218604	0.1455945599999999	0.9873417721518988	0.16595744680851063	0.28415300546448086	78.0	392.0	1.0	470.0	0.16560509554140126	2.4715443561310035	0.40169864006254613	0.07279794464523462
genus	18	0.013278994573412691	0.5438577786817707	0.15432619999999994	0.3058823529411765	0.9285714285714286	0.4601769911504425	26.0	2.0	59.0	28.0	0.2988505747126437	2.5761219964791686	0.773098406359134	0.078995383705889	0.013497026808531723	7.076906767218604	0.1453367600000001	0.9882352941176471	0.15555555555555556	0.26880000000000004	84.0	456.0	1.0	540.0	0.15526802218114602	2.8992597214657727	0.46081663527094385	0.07266889449577303
genus	17	0.013278994573412691	0.5438577786817707	0.14128009000000008	0.3625	1.0	0.5321100917431192	29.0	0.0	51.0	29.0	0.3625	2.499005716970438	0.7421402345217991	0.07239329217340723	0.013497026808531723	7.076906767218604	0.13450598000000005	0.9875	0.13908450704225353	0.2438271604938272	79.0	489.0	1.0	568.0	0.13884007029876977	2.835813474333886	0.44713957477428895	0.06725303236941042
genus	6	0.013278994573412691	0.5438577786817707	0.15227630999999994	0.34782608695652173	1.0	0.5161290322580645	32.0	0.0	60.0	32.0	0.34782608695652173	2.5330930463708397	0.7308961552219054	0.07804289526579798	0.013497026808531723	7.076906767218604	0.15438541999999986	0.9782608695652174	0.1565217391304348	0.2698650674662669	90.0	485.0	2.0	575.0	0.1559792027729636	2.8879305015174306	0.4544794343067643	0.07719295161393852
genus	5	0.013278994573412691	0.5438577786817707	0.5140122000000001	0.32894736842105265	0.9259259259259259	0.48543689320388345	25.0	2.0	51.0	27.0	0.32051282051282054	2.398150732087178	0.7276302892365389	0.26338079492914035	0.013497026808531723	7.076906767218604	0.5078270800000004	0.9868421052631579	0.1485148514851485	0.2581755593803786	75.0	430.0	1.0	505.0	0.1482213438735178	2.733714513354912	0.4391820792456053	0.25391610963102945
genus	4	0.013278994573412691	0.5438577786817707	0.15311173999999997	0.38666666666666666	0.90625	0.5420560747663551	29.0	3.0	46.0	32.0	0.3717948717948718	2.631052098390488	0.7591611629336916	0.07839875102495565	0.013497026808531723	7.076906767218604	0.15575640000000004	0.9866666666666667	0.148	0.2573913043478261	74.0	426.0	1.0	500.0	0.14770459081836326	2.9639245735872892	0.4769286375982085	0.07787817352142101
genus	7	0.013278994573412691	0.5438577786817707	0.13930079999999992	0.24691358024691357	1.0	0.396039603960396	20.0	0.0	61.0	20.0	0.24691358024691357	1.9755038742190094	0.659439393719709	0.07136999581619494	0.013497026808531723	7.076906767218604	0.14865258999999997	0.9753086419753086	0.17555555555555555	0.2975517890772128	79.0	371.0	2.0	450.0	0.1747787610619469	2.311129427715896	0.3783001746788163	0.07432610435354228
genus	2	0.013278994573412691	0.5438577786817707	0.16777583	0.29069767441860467	1.0	0.45045045045045046	25.0	0.0	61.0	25.0	0.29069767441860467	2.2210726814679225	0.6900150245960066	0.08600012405690392	0.013497026808531723	7.076906767218604	0.15987418000000006	0.9651162790697675	0.17436974789915966	0.29537366548042704	83.0	393.0	3.0	476.0	0.1732776617954071	2.5561258195423795	0.41459084849992306	0.07993679903005152
genus	19	0.013278994573412691	0.5438577786817707	0.26506705	0.3191489361702128	0.8823529411764706	0.46875	30.0	4.0	64.0	34.0	0.30612244897959184	2.757365831019181	0.7819296443942911	0.13582557217793176	0.013497026808531723	7.076906767218604	0.27189710999999994	0.9787234042553191	0.1513157894736842	0.2621082621082621	92.0	516.0	2.0	608.0	0.15081967213114755	3.1173546132330903	0.4863135048004988	0.13595091170905446
genus	3	0.013278994573412691	0.5438577786817707	0.5244767599999999	0.26506024096385544	0.88	0.40740740740740744	22.0	3.0	61.0	25.0	0.2558139534883721	2.5020015887812654	0.7772904967167262	0.26886619795718053	0.013497026808531723	7.076906767218604	0.5147717099999999	0.9759036144578314	0.1643002028397566	0.28125000000000006	81.0	412.0	2.0	493.0	0.16363636363636364	2.8498766487277942	0.45961977778507085	0.2573860390310179
species	2	0.013278994573412691	0.5438577786817707	0.5662438599999997	0.25984251968503935	0.673469387755102	0.375	33.0	16.0	94.0	49.0	0.23076923076923078	3.005204010455846	0.7721846797280931	0.29032585512133086	0.013497026808531723	7.076906767218604	0.59835405	0.8503937007874016	0.08940397350993377	0.16179775280898875	108.0	1100.0	19.0	1208.0	0.08801955990220049	3.409005176137061	0.48036339519646226	0.29917445658729025
species	9	0.013278994573412691	0.5438577786817707	0.6973686699999999	0.2786885245901639	0.5862068965517241	0.37777777777777777	34.0	24.0	88.0	58.0	0.2328767123287671	2.788930820349977	0.6868538268130173	0.3574840424313356	0.013497026808531723	7.076906767218604	0.7296223999999978	0.860655737704918	0.07614213197969544	0.13990672884743505	105.0	1274.0	17.0	1379.0	0.07521489971346705	3.203892954635362	0.443193039810483	0.3648121156784103
species	8	0.013278994573412691	0.5438577786817707	0.3921029799999998	0.2857142857142857	0.53125	0.3715846994535519	34.0	30.0	85.0	64.0	0.22818791946308725	2.7956866303471903	0.6722205395802447	0.2010781048090092	0.013497026808531723	7.076906767218604	0.4293582699999998	0.8571428571428571	0.0781010719754977	0.14315789473684212	102.0	1204.0	17.0	1306.0	0.07709750566893424	3.2011366796404945	0.4461685970639753	0.21468210083322298
species	7	0.013278994573412691	0.5438577786817707	0.6535386200000001	0.23636363636363636	0.6666666666666666	0.348993288590604	26.0	13.0	84.0	39.0	0.21138211382113822	2.8025281861324456	0.7649736668395261	0.3350513264710742	0.013497026808531723	7.076906767218604	0.6868311899999996	0.8727272727272727	0.08791208791208792	0.15973377703826955	96.0	996.0	14.0	1092.0	0.0867992766726944	3.201628267699928	0.4576522708401994	0.34341362208874116
species	6	0.013278994573412691	0.5438577786817707	0.9526526300000004	0.37593984962406013	0.6493506493506493	0.4761904761904761	50.0	27.0	83.0	77.0	0.3125	3.068401831985542	0.706385653590378	0.48832032905005335	0.013497026808531723	7.076906767218604	0.9822657599999991	0.849624060150376	0.07380796864794252	0.1358173076923077	113.0	1418.0	20.0	1531.0	0.07285622179239201	3.4797666481714344	0.4744914365504082	0.491131111927997
species	5	0.013278994573412691	0.5438577786817707	0.6495768800000004	0.2833333333333333	0.7391304347826086	0.4096385542168674	34.0	12.0	86.0	46.0	0.25757575757575757	2.8526070600325544	0.7450703172797603	0.33299336658320716	0.013497026808531723	7.076906767218604	0.6791287699999998	0.8916666666666667	0.07804522246535375	0.14352783366867874	107.0	1264.0	13.0	1371.0	0.0773121387283237	3.2599262701292475	0.4513073276721767	0.3395689810661588
species	4	0.013278994573412691	0.5438577786817707	0.3505852199999999	0.3238095238095238	0.5573770491803278	0.4096385542168675	34.0	27.0	71.0	61.0	0.25757575757575757	2.8759334424333756	0.6995917504298614	0.1797758696255146	0.013497026808531723	7.076906767218604	0.38449600999999994	0.8476190476190476	0.07074721780604133	0.1305942773294204	89.0	1169.0	16.0	1258.0	0.06985871271585557	3.2853391043331124	0.46030698300656125	0.19224699089712302
species	3	0.013278994573412691	0.5438577786817707	0.6909947299999999	0.24	0.6122448979591837	0.3448275862068965	30.0	19.0	95.0	49.0	0.20833333333333334	2.834244349982116	0.7282567366633206	0.35412223331887704	0.013497026808531723	7.076906767218604	0.7153232399999999	0.872	0.0865079365079365	0.15740072202166064	109.0	1151.0	16.0	1260.0	0.08542319749216301	3.233118682838761	0.45288960879414514	0.35765957776381097
species	19	0.013278994573412691	0.5438577786817707	0.8942679399999995	0.32	0.5333333333333333	0.4	48.0	42.0	102.0	90.0	0.25	3.2987376491122116	0.7330838170473329	0.45851606739840245	0.013497026808531723	7.076906767218604	0.9243180199999973	0.86	0.07861060329067641	0.1440536013400335	129.0	1512.0	21.0	1641.0	0.0776173285198556	3.7254870941572658	0.5032360328136496	0.4621555900486336
species	18	0.013278994573412691	0.5438577786817707	0.5302013400000002	0.25833333333333336	0.543859649122807	0.35028248587570626	31.0	26.0	89.0	57.0	0.21232876712328766	2.845761869910355	0.7038648984123664	0.2718867122007557	0.013497026808531723	7.076906767218604	0.5610084500000003	0.8833333333333333	0.0748587570621469	0.13802083333333334	106.0	1310.0	14.0	1416.0	0.07412587412587412	3.2643624867205507	0.44990991958216864	0.2805059206582904
species	0	0.013278994573412691	0.5438577786817707	0.6139434099999999	0.2627118644067797	0.5636363636363636	0.3583815028901734	31.0	24.0	87.0	55.0	0.21830985915492956	2.854680529058306	0.7123641576842585	0.31479464306521543	0.013497026808531723	7.076906767218604	0.6417407199999999	0.8135593220338984	0.06717984604618614	0.12411118293471235	96.0	1333.0	22.0	1429.0	0.06616126809097174	3.2581077901920525	0.44848297326859177	0.3208737837232723
species	16	0.013278994573412691	0.5438577786817707	1.0474789299999998	0.1897810218978102	0.7027027027027027	0.2988505747126437	26.0	11.0	111.0	37.0	0.17567567567567569	2.2121631891898605	0.6126318134908596	0.5368111245491689	0.013497026808531723	7.076906767218604	1.0530654100000008	0.8686131386861314	0.08782287822878229	0.15951742627345847	119.0	1236.0	18.0	1355.0	0.08667152221412965	2.596444227698797	0.36003935401416415	0.526523693546985
species	15	0.013278994573412691	0.5438577786817707	0.8750551799999998	0.35454545454545455	0.5342465753424658	0.42622950819672134	39.0	34.0	71.0	73.0	0.2708333333333333	3.080785459355746	0.718054908014965	0.4486048689045453	0.013497026808531723	7.076906767218604	0.9142017999999996	0.8545454545454545	0.06714285714285714	0.12450331125827814	94.0	1306.0	16.0	1400.0	0.06638418079096045	3.496515718050293	0.48266232811147136	0.4570983996717537
species	14	0.013278994573412691	0.5438577786817707	1.0533341599999995	0.21212121212121213	0.7777777777777778	0.3333333333333333	28.0	8.0	104.0	36.0	0.2	2.2425863714548897	0.6258056424339883	0.5399954585050505	0.013497026808531723	7.076906767218604	1.0656365000000028	0.8484848484848485	0.08459214501510574	0.15384615384615385	112.0	1212.0	20.0	1324.0	0.08333333333333333	2.628403428743483	0.3656444788428151	0.532819571392537
species	13	0.013278994573412691	0.5438577786817707	0.5279566299999999	0.2807017543859649	0.5423728813559322	0.3699421965317919	32.0	27.0	82.0	59.0	0.22695035460992907	3.057185836754296	0.7497627866847821	0.2706703622700045	0.013497026808531723	7.076906767218604	0.5605004100000001	0.8771929824561403	0.0831255195344971	0.15186028853454822	100.0	1103.0	14.0	1203.0	0.08216926869350863	3.4673378369156236	0.48886877680327834	0.28025331441052337
species	12	0.013278994573412691	0.5438577786817707	0.7999313999999998	0.33035714285714285	0.5692307692307692	0.4180790960451978	37.0	28.0	75.0	65.0	0.2642857142857143	2.9381483575818077	0.7038514080307801	0.41006744916706317	0.013497026808531723	7.076906767218604	0.8338774399999991	0.8392857142857143	0.06999255398361877	0.12920962199312716	94.0	1249.0	18.0	1343.0	0.06906686260102865	3.3488307538098923	0.4649435344017556	0.41693887843677396
species	11	0.013278994573412691	0.5438577786817707	0.5206306999999998	0.3	0.5172413793103449	0.379746835443038	30.0	28.0	70.0	58.0	0.234375	2.985209274631807	0.7351929991082632	0.266931810132294	0.013497026808531723	7.076906767218604	0.5478484199999999	0.87	0.07525951557093426	0.13853503184713375	87.0	1069.0	13.0	1156.0	0.07442258340461934	3.3867690343635384	0.48020742784548137	0.27392708897370516
species	10	0.013278994573412691	0.5438577786817707	0.9362297899999997	0.2558139534883721	0.559322033898305	0.35106382978723405	33.0	26.0	96.0	59.0	0.2129032258064516	2.8942749169053252	0.7098095251660052	0.48010327789287843	0.013497026808531723	7.076906767218604	0.9694049799999993	0.8372093023255814	0.07976366322008863	0.1456507080242751	108.0	1246.0	21.0	1354.0	0.07854545454545454	3.3100947604769004	0.45904563841612084	0.4847036629828644
species	1	0.013278994573412691	0.5438577786817707	0.5539526300000002	0.272	0.6071428571428571	0.37569060773480667	34.0	22.0	91.0	56.0	0.23129251700680273	3.0462926184938914	0.7567767620169226	0.2840514850114981	0.013497026808531723	7.076906767218604	0.58022953	0.824	0.0723314606741573	0.1329890251775339	103.0	1321.0	22.0	1424.0	0.07123098201936376	3.4475275385120647	0.474785934170211	0.29011871496630426
species	17	0.013278994573412691	0.5438577786817707	0.40477080000000043	0.30701754385964913	0.6481481481481481	0.41666666666666663	35.0	19.0	79.0	54.0	0.2631578947368421	2.6924303048617757	0.6749664258950283	0.20757013456222626	0.013497026808531723	7.076906767218604	0.43614778000000065	0.868421052631579	0.06748466257668712	0.12523719165085387	99.0	1368.0	15.0	1467.0	0.06680161943319839	3.107320895793548	0.4261873055861792	0.2180729588284658
strain	2	0.013278994573412691	0.5438577786817707	1.3068244699999996	0.011111111111111112	0.2857142857142857	0.0213903743315508	2.0	5.0	178.0	7.0	0.010810810810810811	0.977251931902969	0.5022081478825723	0.9448651024621872	0.013497026808531723	7.076906767218604	1.3428249600000002	0.022222222222222223	0.02	0.021052631578947368	4.0	196.0	176.0	200.0	0.010638297872340425	1.2193267403692596	0.2301347118365762	0.940874810651413
strain	3	0.013278994573412691	0.5438577786817707	1.1999004800000004	0.0055248618784530384	0.16666666666666666	0.0106951871657754	1.0	5.0	180.0	6.0	0.005376344086021506	0.7028883775385311	0.3922894727836192	0.9784750258762872	0.013497026808531723	7.076906767218604	1.2325515499999995	0.022099447513812154	0.02040816326530612	0.021220159151193633	4.0	192.0	177.0	196.0	0.010723860589812333	0.9135104012072156	0.17307513386615098	0.9769086679323544
strain	4	0.013278994573412691	0.5438577786817707	1.1190520499999987	0.00684931506849315	0.2	0.013245033112582781	1.0	4.0	145.0	5.0	0.006666666666666667	0.4564069917706852	0.283581608364388	0.9757410153277074	0.013497026808531723	7.076906767218604	1.1615559499999981	0.00684931506849315	0.00558659217877095	0.006153846153846154	1.0	178.0	145.0	179.0	0.0030864197530864196	0.7213728720381888	0.1390628919919464	0.9766079403103111
strain	8	0.013278994573412691	0.5438577786817707	1.353204610000002	0.0	0.0	na	0.0	5.0	172.0	5.0	0.0	0.7424945514086253	0.46133780351034653	1.0	0.013497026808531723	7.076906767218604	1.3958939300000015	0.01744186046511628	0.015544041450777202	0.01643835616438356	3.0	190.0	169.0	193.0	0.008287292817679558	1.0166676361222102	0.1931840179886722	0.9982208008079737
strain	6	0.013278994573412691	0.5438577786817707	1.09982976	0.0	0.0	na	0.0	5.0	196.0	5.0	0.0	0.3631888537103752	0.2256619226529164	1.0	0.013497026808531723	7.076906767218604	1.1440868399999997	0.015306122448979591	0.013215859030837005	0.014184397163120567	3.0	224.0	193.0	227.0	0.007142857142857143	0.6515056382786505	0.12009431168568069	0.9973916352602231
strain	7	0.013278994573412691	0.5438577786817707	1.2200399000000006	0.013605442176870748	0.4	0.02631578947368421	2.0	3.0	145.0	5.0	0.013333333333333334	0.86437298145976	0.5370651298703966	0.9137110516253076	0.013497026808531723	7.076906767218604	1.2515867200000004	0.034013605442176874	0.02976190476190476	0.031746031746031744	5.0	163.0	142.0	168.0	0.016129032258064516	1.0558838859895332	0.20606778077165608	0.913981429476281
strain	19	0.013278994573412691	0.5438577786817707	1.26783486	0.0	0.0	na	0.0	6.0	242.0	6.0	0.0	0.7807411192073263	0.4357399152151229	1.0	0.013497026808531723	7.076906767218604	1.3142868499999987	0.012396694214876033	0.012396694214876033	0.012396694214876033	3.0	239.0	239.0	242.0	0.006237006237006237	1.0707945888318535	0.1950822986621158	0.9992050982762598
strain	5	0.013278994573412691	0.5438577786817707	1.1552150699999988	0.006535947712418301	0.2	0.012658227848101266	1.0	4.0	152.0	5.0	0.006369426751592357	0.5787249724558376	0.35958204288886103	0.9795644093651749	0.013497026808531723	7.076906767218604	1.19249634	0.0196078431372549	0.013392857142857142	0.015915119363395226	3.0	221.0	150.0	224.0	0.008021390374331552	0.8119537479471054	0.1500382213039928	0.9791942145431701
strain	18	0.013278994573412691	0.5438577786817707	1.2954239699999999	0.0	0.0	na	0.0	8.0	175.0	8.0	0.0	0.7945921322256077	0.38211804289709056	1.0	0.013497026808531723	7.076906767218604	1.3420504999999998	0.011428571428571429	0.00881057268722467	0.009950248756218905	2.0	225.0	173.0	227.0	0.005	1.064759725099835	0.19627088206688442	0.9995322782036057
strain	12	0.013278994573412691	0.5438577786817707	1.2030146000000008	0.0	0.0	na	0.0	7.0	162.0	7.0	0.0	0.6789484435178025	0.348910479678321	1.0	0.013497026808531723	7.076906767218604	1.234490930000001	0.006172839506172839	0.005208333333333333	0.005649717514124294	1.0	191.0	161.0	192.0	0.0028328611898017	0.9261906863675368	0.17616576351075533	0.9915423108589829
strain	16	0.013278994573412691	0.5438577786817707	1.1413467299999993	0.0	0.0	na	0.0	4.0	191.0	4.0	0.0	0.4434737318997808	0.31989867688816775	1.0	0.013497026808531723	7.076906767218604	1.1808195400000001	0.005235602094240838	0.004484304932735426	0.004830917874396135	1.0	222.0	190.0	223.0	0.002421307506053269	0.6743580177091181	0.12471547903628344	0.9974427774402248
strain	15	0.013278994573412691	0.5438577786817707	1.0923385100000003	0.006369426751592357	0.16666666666666666	0.012269938650306749	1.0	5.0	156.0	6.0	0.006172839506172839	0.38221219512618815	0.21331668769740444	0.9870637133173568	0.013497026808531723	7.076906767218604	1.1325845600000013	0.01910828025477707	0.014634146341463415	0.016574585635359115	3.0	202.0	154.0	205.0	0.008356545961002786	0.6673327075303426	0.12536754771186023	0.9832328985635681
strain	14	0.013278994573412691	0.5438577786817707	1.1403123200000003	0.0	0.0	na	0.0	4.0	190.0	4.0	0.0	0.4420843340295507	0.3188964381795664	1.0	0.013497026808531723	7.076906767218604	1.1802190500000003	0.015789473684210527	0.012658227848101266	0.014051522248243561	3.0	234.0	187.0	237.0	0.007075471698113208	0.6958923748104356	0.12726494530946642	0.995783286124107
strain	13	0.013278994573412691	0.5438577786817707	1.2447419200000014	0.0	0.0	na	0.0	8.0	155.0	8.0	0.0	0.8002446091624743	0.38483630971227617	1.0	0.013497026808531723	7.076906767218604	1.2860300200000003	0.0064516129032258064	0.005	0.005633802816901409	1.0	199.0	154.0	200.0	0.002824858757062147	1.032765470379736	0.19492329336485256	0.9999906690451686
strain	11	0.013278994573412691	0.5438577786817707	1.19364942	0.0	0.0	na	0.0	6.0	123.0	6.0	0.0	0.6066184541126433	0.3385602055023564	1.0	0.013497026808531723	7.076906767218604	1.23616383	0.0	0.0	na	0.0	178.0	123.0	178.0	0.0	0.8585828765142689	0.16569253967890507	1.0
strain	10	0.013278994573412691	0.5438577786817707	1.0208908500000005	0.005434782608695652	0.25	0.010638297872340424	1.0	3.0	183.0	4.0	0.0053475935828877	0.25152368963792765	0.18143598985336648	0.9620800056468166	0.013497026808531723	7.076906767218604	1.0648276200000013	0.021739130434782608	0.02030456852791878	0.02099737532808399	4.0	193.0	180.0	197.0	0.010610079575596816	0.5420535957527294	0.10259941194473131	0.9602457047027787
strain	1	0.013278994573412691	0.5438577786817707	0.9983165200000004	0.0055248618784530384	0.16666666666666666	0.0106951871657754	1.0	5.0	180.0	6.0	0.005376344086021506	0.7359979296319921	0.4107682656473319	0.7837009295388612	0.013497026808531723	7.076906767218604	1.0412055100000002	0.011049723756906077	0.008849557522123894	0.009828009828009828	2.0	224.0	179.0	226.0	0.0049382716049382715	1.0111401936505813	0.18653881836134775	0.7883991495359551
strain	0	0.013278994573412691	0.5438577786817707	0.87724555	0.005988023952095809	0.14285714285714285	0.011494252873563218	1.0	6.0	166.0	7.0	0.005780346820809248	0.8703620363930644	0.4472776077639565	0.6175735523624105	0.013497026808531723	7.076906767218604	0.9195547399999997	0.005988023952095809	0.004524886877828055	0.005154639175257733	1.0	220.0	166.0	221.0	0.002583979328165375	1.1174966840645177	0.2070142650110048	0.6286347830600101
strain	17	0.013278994573412691	0.5438577786817707	1.2462284200000007	0.0	0.0	na	0.0	7.0	165.0	7.0	0.0	0.6753110196705203	0.3470412135927065	1.0	0.013497026808531723	7.076906767218604	1.29556776	0.012121212121212121	0.008298755186721992	0.009852216748768473	2.0	239.0	163.0	241.0	0.0049504950495049506	0.9648510815547203	0.1759137290322007	0.9996157602373509
strain	9	0.013278994573412691	0.5438577786817707	1.1524759800000002	0.0	0.0	na	0.0	4.0	177.0	4.0	0.0	0.4822682354620159	0.34788299583966065	1.0	0.013497026808531723	7.076906767218604	1.1902114300000006	0.011299435028248588	0.009852216748768473	0.010526315789473684	2.0	201.0	175.0	203.0	0.005291005291005291	0.7677667378223337	0.1445015948658548	0.9923527374394359
